x-axis,VREF,VDD1V2
second,Volt,Volt
-4.7704000E+00,-187.5000E-03,+62.5000E-03
-4.7702000E+00,-187.5000E-03,+62.5000E-03
-4.7700000E+00,-31.2500E-03,-93.7500E-03
-4.7698000E+00,-343.7500E-03,+62.5000E-03
-4.7696000E+00,-187.5000E-03,-93.7500E-03
-4.7694000E+00,-187.5000E-03,+62.5000E-03
-4.7692000E+00,-343.7500E-03,-93.7500E-03
-4.7690000E+00,-187.5000E-03,+62.5000E-03
-4.7688000E+00,-343.7500E-03,+62.5000E-03
-4.7686000E+00,-187.5000E-03,-93.7500E-03
-4.7684000E+00,-187.5000E-03,+62.5000E-03
-4.7682000E+00,-187.5000E-03,+62.5000E-03
-4.7680000E+00,-187.5000E-03,-93.7500E-03
-4.7678000E+00,-343.7500E-03,-93.7500E-03
-4.7676000E+00,-187.5000E-03,+62.5000E-03
-4.7674000E+00,-343.7500E-03,-93.7500E-03
-4.7672000E+00,-187.5000E-03,-93.7500E-03
-4.7670000E+00,-187.5000E-03,-93.7500E-03
-4.7668000E+00,-343.7500E-03,-93.7500E-03
-4.7666000E+00,-187.5000E-03,-93.7500E-03
-4.7664000E+00,-187.5000E-03,-93.7500E-03
-4.7662000E+00,-187.5000E-03,-93.7500E-03
-4.7660000E+00,-187.5000E-03,-93.7500E-03
-4.7658000E+00,-343.7500E-03,-250.0000E-03
-4.7656000E+00,-187.5000E-03,-93.7500E-03
-4.7654000E+00,-187.5000E-03,-93.7500E-03
-4.7652000E+00,-187.5000E-03,+62.5000E-03
-4.7650000E+00,-31.2500E-03,-93.7500E-03
-4.7648000E+00,-343.7500E-03,-93.7500E-03
-4.7646000E+00,-187.5000E-03,-93.7500E-03
-4.7644000E+00,-343.7500E-03,+62.5000E-03
-4.7642000E+00,-187.5000E-03,-93.7500E-03
-4.7640000E+00,-187.5000E-03,-250.0000E-03
-4.7638000E+00,-187.5000E-03,+62.5000E-03
-4.7636000E+00,-187.5000E-03,+62.5000E-03
-4.7634000E+00,-187.5000E-03,-93.7500E-03
-4.7632000E+00,-187.5000E-03,+62.5000E-03
-4.7630000E+00,-187.5000E-03,+62.5000E-03
-4.7628000E+00,-343.7500E-03,-93.7500E-03
-4.7626000E+00,-343.7500E-03,+62.5000E-03
-4.7624000E+00,-343.7500E-03,-93.7500E-03
-4.7622000E+00,-343.7500E-03,-93.7500E-03
-4.7620000E+00,-343.7500E-03,-93.7500E-03
-4.7618000E+00,-187.5000E-03,-93.7500E-03
-4.7616000E+00,-187.5000E-03,-93.7500E-03
-4.7614000E+00,-187.5000E-03,-250.0000E-03
-4.7612000E+00,-187.5000E-03,+62.5000E-03
-4.7610000E+00,-187.5000E-03,-93.7500E-03
-4.7608000E+00,-343.7500E-03,-93.7500E-03
-4.7606000E+00,-187.5000E-03,+62.5000E-03
-4.7604000E+00,-187.5000E-03,-93.7500E-03
-4.7602000E+00,-343.7500E-03,-93.7500E-03
-4.7600000E+00,-187.5000E-03,+62.5000E-03
-4.7598000E+00,-187.5000E-03,+62.5000E-03
-4.7596000E+00,-187.5000E-03,+62.5000E-03
-4.7594000E+00,-187.5000E-03,+62.5000E-03
-4.7592000E+00,-343.7500E-03,-93.7500E-03
-4.7590000E+00,-343.7500E-03,-93.7500E-03
-4.7588000E+00,-187.5000E-03,-93.7500E-03
-4.7586000E+00,-187.5000E-03,+62.5000E-03
-4.7584000E+00,-187.5000E-03,-93.7500E-03
-4.7582000E+00,-187.5000E-03,+62.5000E-03
-4.7580000E+00,-343.7500E-03,-93.7500E-03
-4.7578000E+00,-187.5000E-03,+218.7500E-03
-4.7576000E+00,-187.5000E-03,-93.7500E-03
-4.7574000E+00,-187.5000E-03,+62.5000E-03
-4.7572000E+00,-187.5000E-03,-93.7500E-03
-4.7570000E+00,-187.5000E-03,+218.7500E-03
-4.7568000E+00,-187.5000E-03,-93.7500E-03
-4.7566000E+00,-31.2500E-03,+62.5000E-03
-4.7564000E+00,-187.5000E-03,-93.7500E-03
-4.7562000E+00,-187.5000E-03,-93.7500E-03
-4.7560000E+00,-343.7500E-03,-250.0000E-03
-4.7558000E+00,-187.5000E-03,+62.5000E-03
-4.7556000E+00,-343.7500E-03,-93.7500E-03
-4.7554000E+00,-187.5000E-03,-93.7500E-03
-4.7552000E+00,-187.5000E-03,+62.5000E-03
-4.7550000E+00,-187.5000E-03,-93.7500E-03
-4.7548000E+00,-343.7500E-03,-93.7500E-03
-4.7546000E+00,-343.7500E-03,+62.5000E-03
-4.7544000E+00,-187.5000E-03,+62.5000E-03
-4.7542000E+00,-187.5000E-03,-93.7500E-03
-4.7540000E+00,-187.5000E-03,-93.7500E-03
-4.7538000E+00,-187.5000E-03,+62.5000E-03
-4.7536000E+00,-187.5000E-03,-93.7500E-03
-4.7534000E+00,-187.5000E-03,-93.7500E-03
-4.7532000E+00,-343.7500E-03,-93.7500E-03
-4.7530000E+00,-31.2500E-03,-93.7500E-03
-4.7528000E+00,-187.5000E-03,-93.7500E-03
-4.7526000E+00,-343.7500E-03,-93.7500E-03
-4.7524000E+00,-187.5000E-03,+62.5000E-03
-4.7522000E+00,-187.5000E-03,-93.7500E-03
-4.7520000E+00,-187.5000E-03,+62.5000E-03
-4.7518000E+00,-187.5000E-03,-93.7500E-03
-4.7516000E+00,-343.7500E-03,+62.5000E-03
-4.7514000E+00,-343.7500E-03,+62.5000E-03
-4.7512000E+00,-187.5000E-03,+62.5000E-03
-4.7510000E+00,-187.5000E-03,+62.5000E-03
-4.7508000E+00,-187.5000E-03,-93.7500E-03
-4.7506000E+00,-187.5000E-03,+62.5000E-03
-4.7504000E+00,-31.2500E-03,+62.5000E-03
-4.7502000E+00,-343.7500E-03,-93.7500E-03
-4.7500000E+00,-187.5000E-03,-93.7500E-03
-4.7498000E+00,-187.5000E-03,+62.5000E-03
-4.7496000E+00,-187.5000E-03,+62.5000E-03
-4.7494000E+00,-343.7500E-03,+62.5000E-03
-4.7492000E+00,-187.5000E-03,-93.7500E-03
-4.7490000E+00,-187.5000E-03,-93.7500E-03
-4.7488000E+00,-187.5000E-03,-93.7500E-03
-4.7486000E+00,-343.7500E-03,+62.5000E-03
-4.7484000E+00,-187.5000E-03,-93.7500E-03
-4.7482000E+00,-343.7500E-03,-250.0000E-03
-4.7480000E+00,-187.5000E-03,+62.5000E-03
-4.7478000E+00,-187.5000E-03,-93.7500E-03
-4.7476000E+00,-187.5000E-03,+62.5000E-03
-4.7474000E+00,-187.5000E-03,+62.5000E-03
-4.7472000E+00,-31.2500E-03,+62.5000E-03
-4.7470000E+00,-187.5000E-03,-93.7500E-03
-4.7468000E+00,-343.7500E-03,-93.7500E-03
-4.7466000E+00,-187.5000E-03,-93.7500E-03
-4.7464000E+00,-500.0000E-03,-93.7500E-03
-4.7462000E+00,-343.7500E-03,-250.0000E-03
-4.7460000E+00,-31.2500E-03,+62.5000E-03
-4.7458000E+00,-187.5000E-03,-93.7500E-03
-4.7456000E+00,-343.7500E-03,-93.7500E-03
-4.7454000E+00,-187.5000E-03,+62.5000E-03
-4.7452000E+00,-343.7500E-03,-93.7500E-03
-4.7450000E+00,-187.5000E-03,-93.7500E-03
-4.7448000E+00,-187.5000E-03,-93.7500E-03
-4.7446000E+00,-187.5000E-03,-93.7500E-03
-4.7444000E+00,-187.5000E-03,+62.5000E-03
-4.7442000E+00,-187.5000E-03,-93.7500E-03
-4.7440000E+00,-187.5000E-03,+62.5000E-03
-4.7438000E+00,-187.5000E-03,-93.7500E-03
-4.7436000E+00,-187.5000E-03,-93.7500E-03
-4.7434000E+00,-187.5000E-03,-250.0000E-03
-4.7432000E+00,-187.5000E-03,-93.7500E-03
-4.7430000E+00,-500.0000E-03,-93.7500E-03
-4.7428000E+00,-187.5000E-03,-93.7500E-03
-4.7426000E+00,-187.5000E-03,-250.0000E-03
-4.7424000E+00,-343.7500E-03,+62.5000E-03
-4.7422000E+00,-187.5000E-03,+62.5000E-03
-4.7420000E+00,-343.7500E-03,+62.5000E-03
-4.7418000E+00,-343.7500E-03,+62.5000E-03
-4.7416000E+00,-187.5000E-03,-250.0000E-03
-4.7414000E+00,-343.7500E-03,+62.5000E-03
-4.7412000E+00,-343.7500E-03,-93.7500E-03
-4.7410000E+00,-187.5000E-03,+62.5000E-03
-4.7408000E+00,-187.5000E-03,-250.0000E-03
-4.7406000E+00,-343.7500E-03,-93.7500E-03
-4.7404000E+00,-187.5000E-03,+62.5000E-03
-4.7402000E+00,-187.5000E-03,-250.0000E-03
-4.7400000E+00,-187.5000E-03,+62.5000E-03
-4.7398000E+00,-187.5000E-03,-93.7500E-03
-4.7396000E+00,-187.5000E-03,+62.5000E-03
-4.7394000E+00,-187.5000E-03,-93.7500E-03
-4.7392000E+00,-187.5000E-03,-93.7500E-03
-4.7390000E+00,-343.7500E-03,-93.7500E-03
-4.7388000E+00,-187.5000E-03,+218.7500E-03
-4.7386000E+00,-187.5000E-03,-93.7500E-03
-4.7384000E+00,-187.5000E-03,+62.5000E-03
-4.7382000E+00,-187.5000E-03,+62.5000E-03
-4.7380000E+00,-343.7500E-03,+62.5000E-03
-4.7378000E+00,-187.5000E-03,-93.7500E-03
-4.7376000E+00,-343.7500E-03,-93.7500E-03
-4.7374000E+00,-343.7500E-03,-93.7500E-03
-4.7372000E+00,-343.7500E-03,+62.5000E-03
-4.7370000E+00,-187.5000E-03,-93.7500E-03
-4.7368000E+00,-343.7500E-03,-93.7500E-03
-4.7366000E+00,-187.5000E-03,-93.7500E-03
-4.7364000E+00,-187.5000E-03,+62.5000E-03
-4.7362000E+00,-187.5000E-03,-93.7500E-03
-4.7360000E+00,-343.7500E-03,-93.7500E-03
-4.7358000E+00,-187.5000E-03,+62.5000E-03
-4.7356000E+00,-187.5000E-03,+62.5000E-03
-4.7354000E+00,-187.5000E-03,-93.7500E-03
-4.7352000E+00,-187.5000E-03,+62.5000E-03
-4.7350000E+00,-343.7500E-03,+62.5000E-03
-4.7348000E+00,-187.5000E-03,-93.7500E-03
-4.7346000E+00,-343.7500E-03,-93.7500E-03
-4.7344000E+00,-343.7500E-03,-93.7500E-03
-4.7342000E+00,-343.7500E-03,-93.7500E-03
-4.7340000E+00,-187.5000E-03,+62.5000E-03
-4.7338000E+00,-31.2500E-03,+62.5000E-03
-4.7336000E+00,-343.7500E-03,-93.7500E-03
-4.7334000E+00,-343.7500E-03,+62.5000E-03
-4.7332000E+00,-187.5000E-03,-93.7500E-03
-4.7330000E+00,-187.5000E-03,+62.5000E-03
-4.7328000E+00,-187.5000E-03,-93.7500E-03
-4.7326000E+00,-187.5000E-03,+62.5000E-03
-4.7324000E+00,-187.5000E-03,-93.7500E-03
-4.7322000E+00,-187.5000E-03,-93.7500E-03
-4.7320000E+00,-343.7500E-03,-93.7500E-03
-4.7318000E+00,-187.5000E-03,-93.7500E-03
-4.7316000E+00,-187.5000E-03,+62.5000E-03
-4.7314000E+00,-343.7500E-03,-93.7500E-03
-4.7312000E+00,-343.7500E-03,-93.7500E-03
-4.7310000E+00,-343.7500E-03,-250.0000E-03
-4.7308000E+00,-187.5000E-03,-93.7500E-03
-4.7306000E+00,-187.5000E-03,+62.5000E-03
-4.7304000E+00,-343.7500E-03,-250.0000E-03
-4.7302000E+00,-31.2500E-03,+62.5000E-03
-4.7300000E+00,-343.7500E-03,-250.0000E-03
-4.7298000E+00,+281.2500E-03,+62.5000E-03
-4.7296000E+00,+593.7500E-03,+62.5000E-03
-4.7294000E+00,+750.0000E-03,+62.5000E-03
-4.7292000E+00,+750.0000E-03,-93.7500E-03
-4.7290000E+00,+1.0625000E+00,+62.5000E-03
-4.7288000E+00,+1.0625000E+00,-93.7500E-03
-4.7286000E+00,+1.2187500E+00,-93.7500E-03
-4.7284000E+00,+1.3750000E+00,-250.0000E-03
-4.7282000E+00,+1.3750000E+00,+62.5000E-03
-4.7280000E+00,+1.2187500E+00,-93.7500E-03
-4.7278000E+00,+1.5312500E+00,+62.5000E-03
-4.7276000E+00,+1.5312500E+00,-93.7500E-03
-4.7274000E+00,+1.5312500E+00,-93.7500E-03
-4.7272000E+00,+1.6875000E+00,+62.5000E-03
-4.7270000E+00,+1.6875000E+00,+62.5000E-03
-4.7268000E+00,+1.8437500E+00,-93.7500E-03
-4.7266000E+00,+1.8437500E+00,+62.5000E-03
-4.7264000E+00,+1.8437500E+00,-93.7500E-03
-4.7262000E+00,+1.6875000E+00,-93.7500E-03
-4.7260000E+00,+2.0000000E+00,-93.7500E-03
-4.7258000E+00,+1.8437500E+00,+62.5000E-03
-4.7256000E+00,+1.8437500E+00,-93.7500E-03
-4.7254000E+00,+1.8437500E+00,-93.7500E-03
-4.7252000E+00,+1.8437500E+00,+62.5000E-03
-4.7250000E+00,+2.0000000E+00,-93.7500E-03
-4.7248000E+00,+1.8437500E+00,-93.7500E-03
-4.7246000E+00,+2.0000000E+00,+62.5000E-03
-4.7244000E+00,+2.0000000E+00,+218.7500E-03
-4.7242000E+00,+1.8437500E+00,+62.5000E-03
-4.7240000E+00,+1.8437500E+00,+62.5000E-03
-4.7238000E+00,+2.1562500E+00,-93.7500E-03
-4.7236000E+00,+2.0000000E+00,-93.7500E-03
-4.7234000E+00,+2.1562500E+00,+62.5000E-03
-4.7232000E+00,+2.3125000E+00,-93.7500E-03
-4.7230000E+00,+2.1562500E+00,+62.5000E-03
-4.7228000E+00,+2.0000000E+00,-93.7500E-03
-4.7226000E+00,+2.0000000E+00,-93.7500E-03
-4.7224000E+00,+2.3125000E+00,+62.5000E-03
-4.7222000E+00,+2.1562500E+00,-93.7500E-03
-4.7220000E+00,+2.3125000E+00,-93.7500E-03
-4.7218000E+00,+2.3125000E+00,-93.7500E-03
-4.7216000E+00,+2.1562500E+00,-93.7500E-03
-4.7214000E+00,+2.3125000E+00,-93.7500E-03
-4.7212000E+00,+2.4687500E+00,+62.5000E-03
-4.7210000E+00,+2.3125000E+00,+62.5000E-03
-4.7208000E+00,+2.3125000E+00,-93.7500E-03
-4.7206000E+00,+2.4687500E+00,-93.7500E-03
-4.7204000E+00,+2.4687500E+00,-250.0000E-03
-4.7202000E+00,+2.4687500E+00,-93.7500E-03
-4.7200000E+00,+2.6250000E+00,-93.7500E-03
-4.7198000E+00,+2.4687500E+00,-93.7500E-03
-4.7196000E+00,+2.4687500E+00,+62.5000E-03
-4.7194000E+00,+2.4687500E+00,-93.7500E-03
-4.7192000E+00,+2.6250000E+00,-93.7500E-03
-4.7190000E+00,+2.6250000E+00,-93.7500E-03
-4.7188000E+00,+2.6250000E+00,-93.7500E-03
-4.7186000E+00,+2.6250000E+00,-93.7500E-03
-4.7184000E+00,+2.6250000E+00,+62.5000E-03
-4.7182000E+00,+2.7812500E+00,+62.5000E-03
-4.7180000E+00,+2.6250000E+00,-93.7500E-03
-4.7178000E+00,+2.6250000E+00,-93.7500E-03
-4.7176000E+00,+2.7812500E+00,-93.7500E-03
-4.7174000E+00,+2.7812500E+00,+62.5000E-03
-4.7172000E+00,+2.7812500E+00,-93.7500E-03
-4.7170000E+00,+2.9375000E+00,+62.5000E-03
-4.7168000E+00,+2.9375000E+00,+62.5000E-03
-4.7166000E+00,+3.0937500E+00,-93.7500E-03
-4.7164000E+00,+2.9375000E+00,-93.7500E-03
-4.7162000E+00,+2.9375000E+00,+62.5000E-03
-4.7160000E+00,+2.9375000E+00,-93.7500E-03
-4.7158000E+00,+3.0937500E+00,-93.7500E-03
-4.7156000E+00,+2.9375000E+00,+62.5000E-03
-4.7154000E+00,+3.0937500E+00,+62.5000E-03
-4.7152000E+00,+3.0937500E+00,+62.5000E-03
-4.7150000E+00,+3.0937500E+00,+62.5000E-03
-4.7148000E+00,+3.0937500E+00,-250.0000E-03
-4.7146000E+00,+3.0937500E+00,+218.7500E-03
-4.7144000E+00,+3.0937500E+00,+62.5000E-03
-4.7142000E+00,+3.2500000E+00,+218.7500E-03
-4.7140000E+00,+3.0937500E+00,+62.5000E-03
-4.7138000E+00,+3.2500000E+00,+62.5000E-03
-4.7136000E+00,+3.0937500E+00,+62.5000E-03
-4.7134000E+00,+3.2500000E+00,-250.0000E-03
-4.7132000E+00,+3.2500000E+00,-93.7500E-03
-4.7130000E+00,+3.2500000E+00,-93.7500E-03
-4.7128000E+00,+3.4062500E+00,-93.7500E-03
-4.7126000E+00,+3.4062500E+00,+62.5000E-03
-4.7124000E+00,+3.2500000E+00,-93.7500E-03
-4.7122000E+00,+3.4062500E+00,+62.5000E-03
-4.7120000E+00,+3.2500000E+00,-93.7500E-03
-4.7118000E+00,+3.4062500E+00,-93.7500E-03
-4.7116000E+00,+3.5625000E+00,-93.7500E-03
-4.7114000E+00,+3.4062500E+00,-93.7500E-03
-4.7112000E+00,+3.4062500E+00,+62.5000E-03
-4.7110000E+00,+3.5625000E+00,+218.7500E-03
-4.7108000E+00,+3.4062500E+00,-250.0000E-03
-4.7106000E+00,+3.5625000E+00,+62.5000E-03
-4.7104000E+00,+3.7187500E+00,-93.7500E-03
-4.7102000E+00,+3.7187500E+00,-93.7500E-03
-4.7100000E+00,+3.7187500E+00,+62.5000E-03
-4.7098000E+00,+3.7187500E+00,-93.7500E-03
-4.7096000E+00,+3.7187500E+00,-93.7500E-03
-4.7094000E+00,+3.8750000E+00,-93.7500E-03
-4.7092000E+00,+3.5625000E+00,-93.7500E-03
-4.7090000E+00,+3.7187500E+00,-93.7500E-03
-4.7088000E+00,+3.8750000E+00,-93.7500E-03
-4.7086000E+00,+3.7187500E+00,-93.7500E-03
-4.7084000E+00,+3.8750000E+00,+62.5000E-03
-4.7082000E+00,+3.8750000E+00,+62.5000E-03
-4.7080000E+00,+3.8750000E+00,+62.5000E-03
-4.7078000E+00,+4.0312500E+00,+62.5000E-03
-4.7076000E+00,+4.0312500E+00,-93.7500E-03
-4.7074000E+00,+4.0312500E+00,+218.7500E-03
-4.7072000E+00,+3.8750000E+00,+62.5000E-03
-4.7070000E+00,+3.8750000E+00,-250.0000E-03
-4.7068000E+00,+4.0312500E+00,+62.5000E-03
-4.7066000E+00,+4.0312500E+00,-93.7500E-03
-4.7064000E+00,+3.8750000E+00,-93.7500E-03
-4.7062000E+00,+3.8750000E+00,-93.7500E-03
-4.7060000E+00,+4.1875000E+00,-93.7500E-03
-4.7058000E+00,+4.0312500E+00,+62.5000E-03
-4.7056000E+00,+4.1875000E+00,+62.5000E-03
-4.7054000E+00,+4.3437500E+00,+62.5000E-03
-4.7052000E+00,+4.1875000E+00,+62.5000E-03
-4.7050000E+00,+4.1875000E+00,+218.7500E-03
-4.7048000E+00,+4.1875000E+00,+218.7500E-03
-4.7046000E+00,+4.3437500E+00,+375.0000E-03
-4.7044000E+00,+4.3437500E+00,+531.2500E-03
-4.7042000E+00,+4.1875000E+00,+843.7500E-03
-4.7040000E+00,+4.3437500E+00,+1.1562500E+00
-4.7038000E+00,+4.1875000E+00,+1.1562500E+00
-4.7036000E+00,+4.1875000E+00,+1.4687500E+00
-4.7034000E+00,+4.1875000E+00,+1.6250000E+00
-4.7032000E+00,+4.1875000E+00,+1.9375000E+00
-4.7030000E+00,+4.3437500E+00,+2.4062500E+00
-4.7028000E+00,+4.0312500E+00,+2.5625000E+00
-4.7026000E+00,+4.0312500E+00,+2.8750000E+00
-4.7024000E+00,+4.0312500E+00,+3.3437500E+00
-4.7022000E+00,+4.0312500E+00,+3.5000000E+00
-4.7020000E+00,+4.3437500E+00,+3.8125000E+00
-4.7018000E+00,+4.3437500E+00,+3.6562500E+00
-4.7016000E+00,+4.3437500E+00,+3.6562500E+00
-4.7014000E+00,+4.5000000E+00,+3.6562500E+00
-4.7012000E+00,+4.5000000E+00,+3.5000000E+00
-4.7010000E+00,+4.5000000E+00,+3.6562500E+00
-4.7008000E+00,+4.6562500E+00,+3.5000000E+00
-4.7006000E+00,+4.6562500E+00,+3.5000000E+00
-4.7004000E+00,+4.6562500E+00,+3.5000000E+00
-4.7002000E+00,+4.8125000E+00,+3.6562500E+00
-4.7000000E+00,+4.6562500E+00,+3.5000000E+00
-4.6998000E+00,+4.6562500E+00,+3.6562500E+00
-4.6996000E+00,+4.6562500E+00,+3.5000000E+00
-4.6994000E+00,+4.6562500E+00,+3.5000000E+00
-4.6992000E+00,+4.8125000E+00,+3.6562500E+00
-4.6990000E+00,+4.8125000E+00,+3.5000000E+00
-4.6988000E+00,+4.8125000E+00,+3.5000000E+00
-4.6986000E+00,+4.8125000E+00,+3.3437500E+00
-4.6984000E+00,+4.8125000E+00,+3.5000000E+00
-4.6982000E+00,+4.9687500E+00,+3.5000000E+00
-4.6980000E+00,+4.9687500E+00,+3.6562500E+00
-4.6978000E+00,+4.8125000E+00,+3.5000000E+00
-4.6976000E+00,+4.9687500E+00,+3.6562500E+00
-4.6974000E+00,+4.9687500E+00,+3.5000000E+00
-4.6972000E+00,+4.8125000E+00,+3.5000000E+00
-4.6970000E+00,+5.1250000E+00,+3.6562500E+00
-4.6968000E+00,+4.9687500E+00,+3.6562500E+00
-4.6966000E+00,+5.1250000E+00,+3.6562500E+00
-4.6964000E+00,+4.9687500E+00,+3.6562500E+00
-4.6962000E+00,+5.1250000E+00,+3.6562500E+00
-4.6960000E+00,+5.2812500E+00,+3.5000000E+00
-4.6958000E+00,+5.2812500E+00,+3.5000000E+00
-4.6956000E+00,+5.1250000E+00,+3.5000000E+00
-4.6954000E+00,+5.1250000E+00,+3.3437500E+00
-4.6952000E+00,+5.2812500E+00,+3.5000000E+00
-4.6950000E+00,+5.2812500E+00,+3.6562500E+00
-4.6948000E+00,+5.1250000E+00,+3.6562500E+00
-4.6946000E+00,+5.2812500E+00,+3.6562500E+00
-4.6944000E+00,+5.2812500E+00,+3.6562500E+00
-4.6942000E+00,+5.2812500E+00,+3.6562500E+00
-4.6940000E+00,+5.2812500E+00,+3.6562500E+00
-4.6938000E+00,+5.4375000E+00,+3.6562500E+00
-4.6936000E+00,+5.5937500E+00,+3.6562500E+00
-4.6934000E+00,+5.4375000E+00,+3.5000000E+00
-4.6932000E+00,+5.5937500E+00,+3.5000000E+00
-4.6930000E+00,+5.2812500E+00,+3.6562500E+00
-4.6928000E+00,+5.4375000E+00,+3.6562500E+00
-4.6926000E+00,+5.4375000E+00,+3.5000000E+00
-4.6924000E+00,+5.5937500E+00,+3.5000000E+00
-4.6922000E+00,+5.5937500E+00,+3.5000000E+00
-4.6920000E+00,+5.7500000E+00,+3.6562500E+00
-4.6918000E+00,+5.7500000E+00,+3.6562500E+00
-4.6916000E+00,+5.5937500E+00,+3.6562500E+00
-4.6914000E+00,+5.7500000E+00,+3.6562500E+00
-4.6912000E+00,+5.7500000E+00,+3.6562500E+00
-4.6910000E+00,+5.7500000E+00,+3.6562500E+00
-4.6908000E+00,+5.7500000E+00,+3.6562500E+00
-4.6906000E+00,+5.7500000E+00,+3.6562500E+00
-4.6904000E+00,+5.7500000E+00,+3.6562500E+00
-4.6902000E+00,+5.7500000E+00,+3.5000000E+00
-4.6900000E+00,+5.7500000E+00,+3.5000000E+00
-4.6898000E+00,+5.7500000E+00,+3.6562500E+00
-4.6896000E+00,+5.9062500E+00,+3.6562500E+00
-4.6894000E+00,+5.9062500E+00,+3.5000000E+00
-4.6892000E+00,+5.9062500E+00,+3.5000000E+00
-4.6890000E+00,+5.9062500E+00,+3.5000000E+00
-4.6888000E+00,+5.9062500E+00,+3.5000000E+00
-4.6886000E+00,+6.0625000E+00,+3.5000000E+00
-4.6884000E+00,+5.7500000E+00,+3.6562500E+00
-4.6882000E+00,+6.0625000E+00,+3.6562500E+00
-4.6880000E+00,+6.2187500E+00,+3.5000000E+00
-4.6878000E+00,+6.0625000E+00,+3.6562500E+00
-4.6876000E+00,+6.0625000E+00,+3.6562500E+00
-4.6874000E+00,+6.2187500E+00,+3.6562500E+00
-4.6872000E+00,+6.0625000E+00,+3.5000000E+00
-4.6870000E+00,+6.2187500E+00,+3.5000000E+00
-4.6868000E+00,+6.0625000E+00,+3.5000000E+00
-4.6866000E+00,+6.3750000E+00,+3.6562500E+00
-4.6864000E+00,+6.0625000E+00,+3.6562500E+00
-4.6862000E+00,+6.2187500E+00,+3.5000000E+00
-4.6860000E+00,+6.3750000E+00,+3.6562500E+00
-4.6858000E+00,+6.3750000E+00,+3.8125000E+00
-4.6856000E+00,+6.3750000E+00,+3.6562500E+00
-4.6854000E+00,+6.3750000E+00,+3.5000000E+00
-4.6852000E+00,+6.2187500E+00,+3.6562500E+00
-4.6850000E+00,+6.3750000E+00,+3.6562500E+00
-4.6848000E+00,+6.3750000E+00,+3.6562500E+00
-4.6846000E+00,+6.5312500E+00,+3.6562500E+00
-4.6844000E+00,+6.5312500E+00,+3.6562500E+00
-4.6842000E+00,+6.5312500E+00,+3.5000000E+00
-4.6840000E+00,+6.5312500E+00,+3.6562500E+00
-4.6838000E+00,+6.5312500E+00,+3.6562500E+00
-4.6836000E+00,+6.5312500E+00,+3.6562500E+00
-4.6834000E+00,+6.5312500E+00,+3.6562500E+00
-4.6832000E+00,+6.5312500E+00,+3.5000000E+00
-4.6830000E+00,+6.5312500E+00,+3.5000000E+00
-4.6828000E+00,+6.6875000E+00,+3.6562500E+00
-4.6826000E+00,+6.5312500E+00,+3.6562500E+00
-4.6824000E+00,+6.6875000E+00,+3.6562500E+00
-4.6822000E+00,+6.8437500E+00,+3.6562500E+00
-4.6820000E+00,+6.6875000E+00,+3.6562500E+00
-4.6818000E+00,+6.6875000E+00,+3.6562500E+00
-4.6816000E+00,+6.6875000E+00,+3.5000000E+00
-4.6814000E+00,+6.8437500E+00,+3.5000000E+00
-4.6812000E+00,+6.8437500E+00,+3.8125000E+00
-4.6810000E+00,+6.8437500E+00,+3.6562500E+00
-4.6808000E+00,+6.8437500E+00,+3.6562500E+00
-4.6806000E+00,+6.8437500E+00,+3.5000000E+00
-4.6804000E+00,+6.8437500E+00,+3.6562500E+00
-4.6802000E+00,+6.8437500E+00,+3.6562500E+00
-4.6800000E+00,+7.0000000E+00,+3.6562500E+00
-4.6798000E+00,+7.0000000E+00,+3.6562500E+00
-4.6796000E+00,+7.0000000E+00,+3.5000000E+00
-4.6794000E+00,+7.0000000E+00,+3.6562500E+00
-4.6792000E+00,+7.0000000E+00,+3.3437500E+00
-4.6790000E+00,+7.1562500E+00,+3.8125000E+00
-4.6788000E+00,+7.1562500E+00,+3.6562500E+00
-4.6786000E+00,+7.0000000E+00,+3.6562500E+00
-4.6784000E+00,+7.1562500E+00,+3.6562500E+00
-4.6782000E+00,+7.1562500E+00,+3.6562500E+00
-4.6780000E+00,+7.1562500E+00,+3.6562500E+00
-4.6778000E+00,+7.1562500E+00,+3.6562500E+00
-4.6776000E+00,+7.3125000E+00,+3.5000000E+00
-4.6774000E+00,+7.1562500E+00,+3.6562500E+00
-4.6772000E+00,+7.3125000E+00,+3.6562500E+00
-4.6770000E+00,+7.3125000E+00,+3.6562500E+00
-4.6768000E+00,+7.3125000E+00,+3.5000000E+00
-4.6766000E+00,+7.3125000E+00,+3.5000000E+00
-4.6764000E+00,+7.4687500E+00,+3.6562500E+00
-4.6762000E+00,+7.3125000E+00,+3.5000000E+00
-4.6760000E+00,+7.1562500E+00,+3.6562500E+00
-4.6758000E+00,+7.3125000E+00,+3.6562500E+00
-4.6756000E+00,+7.4687500E+00,+3.5000000E+00
-4.6754000E+00,+7.4687500E+00,+3.6562500E+00
-4.6752000E+00,+7.4687500E+00,+3.6562500E+00
-4.6750000E+00,+7.4687500E+00,+3.6562500E+00
-4.6748000E+00,+7.6250000E+00,+3.6562500E+00
-4.6746000E+00,+7.4687500E+00,+3.5000000E+00
-4.6744000E+00,+7.4687500E+00,+3.6562500E+00
-4.6742000E+00,+7.6250000E+00,+3.5000000E+00
-4.6740000E+00,+7.6250000E+00,+3.6562500E+00
-4.6738000E+00,+7.7812500E+00,+3.6562500E+00
-4.6736000E+00,+7.6250000E+00,+3.5000000E+00
-4.6734000E+00,+7.6250000E+00,+3.6562500E+00
-4.6732000E+00,+7.6250000E+00,+3.5000000E+00
-4.6730000E+00,+7.6250000E+00,+3.6562500E+00
-4.6728000E+00,+7.6250000E+00,+3.3437500E+00
-4.6726000E+00,+8.0937500E+00,+3.0312500E+00
-4.6724000E+00,+7.7812500E+00,+3.6562500E+00
-4.6722000E+00,+7.7812500E+00,+3.8125000E+00
-4.6720000E+00,+7.7812500E+00,+3.6562500E+00
-4.6718000E+00,+7.7812500E+00,+3.5000000E+00
-4.6716000E+00,+7.9375000E+00,+3.5000000E+00
-4.6714000E+00,+7.9375000E+00,+3.6562500E+00
-4.6712000E+00,+7.9375000E+00,+3.6562500E+00
-4.6710000E+00,+7.9375000E+00,+3.5000000E+00
-4.6708000E+00,+8.2500000E+00,+3.5000000E+00
-4.6706000E+00,+8.0937500E+00,+3.5000000E+00
-4.6704000E+00,+7.9375000E+00,+3.6562500E+00
-4.6702000E+00,+7.9375000E+00,+3.6562500E+00
-4.6700000E+00,+8.2500000E+00,+3.5000000E+00
-4.6698000E+00,+8.0937500E+00,+3.5000000E+00
-4.6696000E+00,+8.0937500E+00,+3.6562500E+00
-4.6694000E+00,+8.2500000E+00,+3.6562500E+00
-4.6692000E+00,+8.0937500E+00,+3.6562500E+00
-4.6690000E+00,+8.2500000E+00,+3.6562500E+00
-4.6688000E+00,+8.2500000E+00,+3.5000000E+00
-4.6686000E+00,+8.2500000E+00,+3.6562500E+00
-4.6684000E+00,+8.2500000E+00,+3.6562500E+00
-4.6682000E+00,+8.2500000E+00,+3.6562500E+00
-4.6680000E+00,+8.4062500E+00,+3.6562500E+00
-4.6678000E+00,+8.2500000E+00,+3.6562500E+00
-4.6676000E+00,+8.2500000E+00,+3.5000000E+00
-4.6674000E+00,+8.4062500E+00,+3.5000000E+00
-4.6672000E+00,+8.4062500E+00,+3.6562500E+00
-4.6670000E+00,+8.2500000E+00,+3.6562500E+00
-4.6668000E+00,+8.4062500E+00,+3.6562500E+00
-4.6666000E+00,+8.5625000E+00,+3.8125000E+00
-4.6664000E+00,+8.5625000E+00,+3.6562500E+00
-4.6662000E+00,+8.5625000E+00,+3.6562500E+00
-4.6660000E+00,+8.5625000E+00,+3.6562500E+00
-4.6658000E+00,+8.5625000E+00,+3.5000000E+00
-4.6656000E+00,+8.5625000E+00,+3.8125000E+00
-4.6654000E+00,+8.5625000E+00,+3.6562500E+00
-4.6652000E+00,+8.7187500E+00,+3.5000000E+00
-4.6650000E+00,+8.5625000E+00,+3.6562500E+00
-4.6648000E+00,+8.7187500E+00,+3.5000000E+00
-4.6646000E+00,+8.7187500E+00,+3.6562500E+00
-4.6644000E+00,+8.7187500E+00,+3.6562500E+00
-4.6642000E+00,+8.7187500E+00,+3.5000000E+00
-4.6640000E+00,+8.7187500E+00,+3.5000000E+00
-4.6638000E+00,+8.8750000E+00,+3.5000000E+00
-4.6636000E+00,+8.8750000E+00,+3.6562500E+00
-4.6634000E+00,+8.8750000E+00,+3.6562500E+00
-4.6632000E+00,+8.7187500E+00,+3.8125000E+00
-4.6630000E+00,+8.7187500E+00,+3.6562500E+00
-4.6628000E+00,+8.8750000E+00,+3.6562500E+00
-4.6626000E+00,+8.7187500E+00,+3.5000000E+00
-4.6624000E+00,+8.8750000E+00,+3.6562500E+00
-4.6622000E+00,+9.0312500E+00,+3.6562500E+00
-4.6620000E+00,+8.8750000E+00,+3.6562500E+00
-4.6618000E+00,+8.8750000E+00,+3.6562500E+00
-4.6616000E+00,+9.0312500E+00,+3.5000000E+00
-4.6614000E+00,+9.0312500E+00,+3.3437500E+00
-4.6612000E+00,+8.8750000E+00,+3.6562500E+00
-4.6610000E+00,+9.0312500E+00,+3.5000000E+00
-4.6608000E+00,+9.0312500E+00,+3.6562500E+00
-4.6606000E+00,+9.1875000E+00,+3.6562500E+00
-4.6604000E+00,+9.1875000E+00,+3.5000000E+00
-4.6602000E+00,+9.3437500E+00,+3.5000000E+00
-4.6600000E+00,+9.1875000E+00,+3.5000000E+00
-4.6598000E+00,+9.1875000E+00,+3.6562500E+00
-4.6596000E+00,+9.3437500E+00,+3.6562500E+00
-4.6594000E+00,+9.1875000E+00,+3.6562500E+00
-4.6592000E+00,+9.3437500E+00,+3.6562500E+00
-4.6590000E+00,+9.1875000E+00,+3.5000000E+00
-4.6588000E+00,+9.3437500E+00,+3.5000000E+00
-4.6586000E+00,+9.3437500E+00,+3.6562500E+00
-4.6584000E+00,+9.3437500E+00,+3.5000000E+00
-4.6582000E+00,+9.3437500E+00,+3.6562500E+00
-4.6580000E+00,+9.3437500E+00,+3.5000000E+00
-4.6578000E+00,+9.5000000E+00,+3.6562500E+00
-4.6576000E+00,+9.5000000E+00,+3.6562500E+00
-4.6574000E+00,+9.5000000E+00,+3.6562500E+00
-4.6572000E+00,+9.5000000E+00,+3.6562500E+00
-4.6570000E+00,+9.5000000E+00,+3.5000000E+00
-4.6568000E+00,+9.3437500E+00,+3.6562500E+00
-4.6566000E+00,+9.6562500E+00,+3.5000000E+00
-4.6564000E+00,+9.5000000E+00,+3.5000000E+00
-4.6562000E+00,+9.6562500E+00,+3.6562500E+00
-4.6560000E+00,+9.6562500E+00,+3.6562500E+00
-4.6558000E+00,+9.8125000E+00,+3.6562500E+00
-4.6556000E+00,+9.6562500E+00,+3.5000000E+00
-4.6554000E+00,+9.8125000E+00,+3.5000000E+00
-4.6552000E+00,+9.8125000E+00,+3.6562500E+00
-4.6550000E+00,+9.8125000E+00,+3.8125000E+00
-4.6548000E+00,+9.6562500E+00,+3.5000000E+00
-4.6546000E+00,+9.8125000E+00,+3.5000000E+00
-4.6544000E+00,+9.6562500E+00,+3.6562500E+00
-4.6542000E+00,+9.8125000E+00,+3.5000000E+00
-4.6540000E+00,+9.8125000E+00,+3.5000000E+00
-4.6538000E+00,+9.9687500E+00,+3.5000000E+00
-4.6536000E+00,+9.9687500E+00,+3.6562500E+00
-4.6534000E+00,+9.8125000E+00,+3.6562500E+00
-4.6532000E+00,+10.1250000E+00,+3.6562500E+00
-4.6530000E+00,+9.9687500E+00,+3.5000000E+00
-4.6528000E+00,+9.9687500E+00,+3.6562500E+00
-4.6526000E+00,+10.1250000E+00,+3.6562500E+00
-4.6524000E+00,+10.1250000E+00,+3.6562500E+00
-4.6522000E+00,+9.9687500E+00,+3.5000000E+00
-4.6520000E+00,+9.9687500E+00,+3.6562500E+00
-4.6518000E+00,+9.9687500E+00,+3.5000000E+00
-4.6516000E+00,+10.1250000E+00,+3.5000000E+00
-4.6514000E+00,+10.1250000E+00,+3.6562500E+00
-4.6512000E+00,+10.1250000E+00,+3.6562500E+00
-4.6510000E+00,+10.2812500E+00,+3.6562500E+00
-4.6508000E+00,+10.1250000E+00,+3.5000000E+00
-4.6506000E+00,+10.1250000E+00,+3.6562500E+00
-4.6504000E+00,+10.2812500E+00,+3.6562500E+00
-4.6502000E+00,+10.2812500E+00,+3.5000000E+00
-4.6500000E+00,+10.2812500E+00,+3.5000000E+00
-4.6498000E+00,+10.4375000E+00,+3.5000000E+00
-4.6496000E+00,+10.4375000E+00,+3.6562500E+00
-4.6494000E+00,+10.2812500E+00,+3.6562500E+00
-4.6492000E+00,+10.2812500E+00,+3.5000000E+00
-4.6490000E+00,+10.4375000E+00,+3.8125000E+00
-4.6488000E+00,+10.5937500E+00,+3.6562500E+00
-4.6486000E+00,+10.5937500E+00,+3.5000000E+00
-4.6484000E+00,+10.5937500E+00,+3.6562500E+00
-4.6482000E+00,+10.5937500E+00,+3.5000000E+00
-4.6480000E+00,+10.4375000E+00,+3.8125000E+00
-4.6478000E+00,+10.4375000E+00,+3.5000000E+00
-4.6476000E+00,+10.4375000E+00,+3.5000000E+00
-4.6474000E+00,+10.4375000E+00,+3.6562500E+00
-4.6472000E+00,+10.5937500E+00,+3.6562500E+00
-4.6470000E+00,+10.5937500E+00,+3.6562500E+00
-4.6468000E+00,+10.7500000E+00,+3.6562500E+00
-4.6466000E+00,+10.5937500E+00,+3.6562500E+00
-4.6464000E+00,+10.7500000E+00,+3.5000000E+00
-4.6462000E+00,+10.7500000E+00,+3.6562500E+00
-4.6460000E+00,+10.7500000E+00,+3.6562500E+00
-4.6458000E+00,+10.7500000E+00,+3.6562500E+00
-4.6456000E+00,+10.9062500E+00,+3.6562500E+00
-4.6454000E+00,+10.7500000E+00,+3.6562500E+00
-4.6452000E+00,+10.7500000E+00,+3.6562500E+00
-4.6450000E+00,+10.9062500E+00,+3.6562500E+00
-4.6448000E+00,+10.7500000E+00,+3.5000000E+00
-4.6446000E+00,+10.9062500E+00,+3.5000000E+00
-4.6444000E+00,+10.9062500E+00,+3.6562500E+00
-4.6442000E+00,+10.9062500E+00,+3.6562500E+00
-4.6440000E+00,+10.9062500E+00,+3.5000000E+00
-4.6438000E+00,+11.0625000E+00,+3.5000000E+00
-4.6436000E+00,+11.0625000E+00,+3.6562500E+00
-4.6434000E+00,+10.9062500E+00,+3.5000000E+00
-4.6432000E+00,+11.2187500E+00,+3.5000000E+00
-4.6430000E+00,+11.2187500E+00,+3.5000000E+00
-4.6428000E+00,+11.2187500E+00,+3.6562500E+00
-4.6426000E+00,+11.0625000E+00,+3.6562500E+00
-4.6424000E+00,+11.2187500E+00,+3.5000000E+00
-4.6422000E+00,+11.0625000E+00,+3.5000000E+00
-4.6420000E+00,+11.2187500E+00,+3.6562500E+00
-4.6418000E+00,+11.2187500E+00,+3.5000000E+00
-4.6416000E+00,+11.2187500E+00,+3.6562500E+00
-4.6414000E+00,+11.2187500E+00,+3.5000000E+00
-4.6412000E+00,+11.2187500E+00,+3.8125000E+00
-4.6410000E+00,+11.3750000E+00,+3.5000000E+00
-4.6408000E+00,+11.3750000E+00,+3.5000000E+00
-4.6406000E+00,+11.3750000E+00,+3.6562500E+00
-4.6404000E+00,+11.3750000E+00,+3.5000000E+00
-4.6402000E+00,+11.5312500E+00,+3.6562500E+00
-4.6400000E+00,+11.3750000E+00,+3.6562500E+00
-4.6398000E+00,+11.2187500E+00,+3.5000000E+00
-4.6396000E+00,+11.6875000E+00,+3.5000000E+00
-4.6394000E+00,+11.3750000E+00,+3.3437500E+00
-4.6392000E+00,+11.2187500E+00,+3.5000000E+00
-4.6390000E+00,+11.6875000E+00,+3.6562500E+00
-4.6388000E+00,+11.3750000E+00,+3.6562500E+00
-4.6386000E+00,+11.6875000E+00,+3.6562500E+00
-4.6384000E+00,+11.5312500E+00,+3.5000000E+00
-4.6382000E+00,+11.6875000E+00,+3.6562500E+00
-4.6380000E+00,+11.6875000E+00,+3.6562500E+00
-4.6378000E+00,+11.8437500E+00,+3.5000000E+00
-4.6376000E+00,+11.6875000E+00,+3.5000000E+00
-4.6374000E+00,+11.5312500E+00,+3.5000000E+00
-4.6372000E+00,+11.6875000E+00,+3.6562500E+00
-4.6370000E+00,+11.6875000E+00,+3.5000000E+00
-4.6368000E+00,+11.6875000E+00,+3.8125000E+00
-4.6366000E+00,+11.6875000E+00,+3.5000000E+00
-4.6364000E+00,+11.8437500E+00,+3.5000000E+00
-4.6362000E+00,+11.8437500E+00,+3.5000000E+00
-4.6360000E+00,+11.8437500E+00,+3.6562500E+00
-4.6358000E+00,+12.0000000E+00,+3.6562500E+00
-4.6356000E+00,+11.8437500E+00,+3.3437500E+00
-4.6354000E+00,+12.0000000E+00,+3.6562500E+00
-4.6352000E+00,+12.0000000E+00,+3.6562500E+00
-4.6350000E+00,+11.8437500E+00,+3.5000000E+00
-4.6348000E+00,+12.0000000E+00,+3.5000000E+00
-4.6346000E+00,+11.8437500E+00,+3.6562500E+00
-4.6344000E+00,+12.0000000E+00,+3.6562500E+00
-4.6342000E+00,+12.0000000E+00,+3.6562500E+00
-4.6340000E+00,+12.0000000E+00,+3.5000000E+00
-4.6338000E+00,+12.1562500E+00,+3.5000000E+00
-4.6336000E+00,+12.1562500E+00,+3.5000000E+00
-4.6334000E+00,+12.1562500E+00,+3.5000000E+00
-4.6332000E+00,+12.0000000E+00,+3.5000000E+00
-4.6330000E+00,+12.3125000E+00,+3.6562500E+00
-4.6328000E+00,+12.3125000E+00,+3.6562500E+00
-4.6326000E+00,+12.1562500E+00,+3.5000000E+00
-4.6324000E+00,+12.3125000E+00,+3.8125000E+00
-4.6322000E+00,+12.1562500E+00,+3.6562500E+00
-4.6320000E+00,+12.3125000E+00,+3.6562500E+00
-4.6318000E+00,+12.4687500E+00,+3.5000000E+00
-4.6316000E+00,+12.3125000E+00,+3.6562500E+00
-4.6314000E+00,+12.3125000E+00,+3.3437500E+00
-4.6312000E+00,+12.3125000E+00,+3.5000000E+00
-4.6310000E+00,+12.4687500E+00,+3.6562500E+00
-4.6308000E+00,+12.4687500E+00,+3.6562500E+00
-4.6306000E+00,+12.4687500E+00,+3.6562500E+00
-4.6304000E+00,+12.4687500E+00,+3.6562500E+00
-4.6302000E+00,+12.6250000E+00,+3.6562500E+00
-4.6300000E+00,+12.3125000E+00,+3.6562500E+00
-4.6298000E+00,+12.4687500E+00,+3.5000000E+00
-4.6296000E+00,+12.3125000E+00,+3.5000000E+00
-4.6294000E+00,+12.4687500E+00,+3.5000000E+00
-4.6292000E+00,+12.7812500E+00,+3.5000000E+00
-4.6290000E+00,+12.4687500E+00,+3.6562500E+00
-4.6288000E+00,+12.6250000E+00,+3.6562500E+00
-4.6286000E+00,+12.6250000E+00,+3.6562500E+00
-4.6284000E+00,+12.6250000E+00,+3.6562500E+00
-4.6282000E+00,+12.6250000E+00,+3.6562500E+00
-4.6280000E+00,+12.7812500E+00,+3.6562500E+00
-4.6278000E+00,+12.7812500E+00,+3.5000000E+00
-4.6276000E+00,+12.7812500E+00,+3.3437500E+00
-4.6274000E+00,+12.9375000E+00,+3.3437500E+00
-4.6272000E+00,+12.7812500E+00,+3.6562500E+00
-4.6270000E+00,+12.7812500E+00,+3.6562500E+00
-4.6268000E+00,+12.9375000E+00,+3.5000000E+00
-4.6266000E+00,+12.9375000E+00,+3.6562500E+00
-4.6264000E+00,+12.9375000E+00,+3.5000000E+00
-4.6262000E+00,+13.0937500E+00,+3.5000000E+00
-4.6260000E+00,+12.9375000E+00,+3.6562500E+00
-4.6258000E+00,+12.9375000E+00,+3.6562500E+00
-4.6256000E+00,+13.0937500E+00,+3.6562500E+00
-4.6254000E+00,+12.9375000E+00,+3.6562500E+00
-4.6252000E+00,+13.0937500E+00,+3.6562500E+00
-4.6250000E+00,+13.0937500E+00,+3.6562500E+00
-4.6248000E+00,+12.9375000E+00,+3.5000000E+00
-4.6246000E+00,+13.0937500E+00,+3.5000000E+00
-4.6244000E+00,+13.2500000E+00,+3.5000000E+00
-4.6242000E+00,+13.0937500E+00,+3.5000000E+00
-4.6240000E+00,+13.0937500E+00,+3.5000000E+00
-4.6238000E+00,+13.2500000E+00,+3.6562500E+00
-4.6236000E+00,+13.2500000E+00,+3.3437500E+00
-4.6234000E+00,+13.2500000E+00,+3.5000000E+00
-4.6232000E+00,+13.2500000E+00,+3.6562500E+00
-4.6230000E+00,+13.0937500E+00,+3.5000000E+00
-4.6228000E+00,+13.2500000E+00,+3.6562500E+00
-4.6226000E+00,+13.4062500E+00,+3.6562500E+00
-4.6224000E+00,+13.2500000E+00,+3.5000000E+00
-4.6222000E+00,+13.2500000E+00,+3.6562500E+00
-4.6220000E+00,+13.2500000E+00,+3.8125000E+00
-4.6218000E+00,+13.4062500E+00,+3.5000000E+00
-4.6216000E+00,+13.5625000E+00,+3.6562500E+00
-4.6214000E+00,+13.4062500E+00,+3.6562500E+00
-4.6212000E+00,+13.4062500E+00,+3.5000000E+00
-4.6210000E+00,+13.5625000E+00,+3.3437500E+00
-4.6208000E+00,+13.5625000E+00,+3.6562500E+00
-4.6206000E+00,+13.5625000E+00,+3.6562500E+00
-4.6204000E+00,+13.5625000E+00,+3.6562500E+00
-4.6202000E+00,+13.7187500E+00,+3.5000000E+00
-4.6200000E+00,+13.4062500E+00,+3.6562500E+00
-4.6198000E+00,+13.5625000E+00,+3.3437500E+00
-4.6196000E+00,+13.5625000E+00,+3.5000000E+00
-4.6194000E+00,+13.7187500E+00,+3.5000000E+00
-4.6192000E+00,+13.7187500E+00,+3.6562500E+00
-4.6190000E+00,+13.8750000E+00,+3.5000000E+00
-4.6188000E+00,+13.7187500E+00,+3.6562500E+00
-4.6186000E+00,+13.5625000E+00,+3.5000000E+00
-4.6184000E+00,+13.7187500E+00,+3.5000000E+00
-4.6182000E+00,+13.7187500E+00,+3.6562500E+00
-4.6180000E+00,+13.8750000E+00,+3.6562500E+00
-4.6178000E+00,+13.8750000E+00,+3.6562500E+00
-4.6176000E+00,+13.8750000E+00,+3.6562500E+00
-4.6174000E+00,+13.8750000E+00,+3.6562500E+00
-4.6172000E+00,+13.7187500E+00,+3.6562500E+00
-4.6170000E+00,+13.8750000E+00,+3.5000000E+00
-4.6168000E+00,+14.0312500E+00,+3.6562500E+00
-4.6166000E+00,+14.0312500E+00,+3.5000000E+00
-4.6164000E+00,+14.0312500E+00,+3.5000000E+00
-4.6162000E+00,+14.0312500E+00,+3.6562500E+00
-4.6160000E+00,+13.8750000E+00,+3.8125000E+00
-4.6158000E+00,+14.0312500E+00,+3.6562500E+00
-4.6156000E+00,+14.0312500E+00,+3.6562500E+00
-4.6154000E+00,+13.8750000E+00,+3.6562500E+00
-4.6152000E+00,+14.0312500E+00,+3.5000000E+00
-4.6150000E+00,+14.0312500E+00,+3.6562500E+00
-4.6148000E+00,+14.0312500E+00,+3.6562500E+00
-4.6146000E+00,+14.0312500E+00,+3.6562500E+00
-4.6144000E+00,+14.1875000E+00,+3.5000000E+00
-4.6142000E+00,+14.1875000E+00,+3.5000000E+00
-4.6140000E+00,+14.1875000E+00,+3.6562500E+00
-4.6138000E+00,+14.3437500E+00,+3.5000000E+00
-4.6136000E+00,+14.1875000E+00,+3.6562500E+00
-4.6134000E+00,+14.3437500E+00,+3.5000000E+00
-4.6132000E+00,+14.3437500E+00,+3.8125000E+00
-4.6130000E+00,+14.3437500E+00,+3.5000000E+00
-4.6128000E+00,+14.3437500E+00,+3.5000000E+00
-4.6126000E+00,+14.5000000E+00,+3.6562500E+00
-4.6124000E+00,+14.3437500E+00,+3.5000000E+00
-4.6122000E+00,+14.5000000E+00,+3.6562500E+00
-4.6120000E+00,+14.5000000E+00,+3.6562500E+00
-4.6118000E+00,+14.3437500E+00,+3.5000000E+00
-4.6116000E+00,+14.5000000E+00,+3.5000000E+00
-4.6114000E+00,+14.5000000E+00,+3.5000000E+00
-4.6112000E+00,+14.6562500E+00,+3.3437500E+00
-4.6110000E+00,+14.5000000E+00,+3.6562500E+00
-4.6108000E+00,+14.6562500E+00,+3.6562500E+00
-4.6106000E+00,+14.6562500E+00,+3.6562500E+00
-4.6104000E+00,+14.5000000E+00,+3.5000000E+00
-4.6102000E+00,+14.5000000E+00,+3.3437500E+00
-4.6100000E+00,+14.3437500E+00,+3.6562500E+00
-4.6098000E+00,+14.5000000E+00,+3.5000000E+00
-4.6096000E+00,+14.5000000E+00,+3.3437500E+00
-4.6094000E+00,+14.6562500E+00,+3.5000000E+00
-4.6092000E+00,+14.5000000E+00,+3.6562500E+00
-4.6090000E+00,+14.6562500E+00,+3.5000000E+00
-4.6088000E+00,+14.5000000E+00,+3.5000000E+00
-4.6086000E+00,+14.6562500E+00,+3.5000000E+00
-4.6084000E+00,+14.5000000E+00,+3.6562500E+00
-4.6082000E+00,+14.5000000E+00,+3.5000000E+00
-4.6080000E+00,+14.8125000E+00,+3.6562500E+00
-4.6078000E+00,+14.6562500E+00,+3.5000000E+00
-4.6076000E+00,+14.8125000E+00,+3.5000000E+00
-4.6074000E+00,+14.6562500E+00,+3.5000000E+00
-4.6072000E+00,+14.8125000E+00,+3.5000000E+00
-4.6070000E+00,+14.6562500E+00,+3.6562500E+00
-4.6068000E+00,+14.8125000E+00,+3.8125000E+00
-4.6066000E+00,+14.8125000E+00,+3.6562500E+00
-4.6064000E+00,+14.6562500E+00,+3.5000000E+00
-4.6062000E+00,+14.6562500E+00,+3.5000000E+00
-4.6060000E+00,+14.6562500E+00,+3.6562500E+00
-4.6058000E+00,+14.5000000E+00,+3.5000000E+00
-4.6056000E+00,+14.6562500E+00,+3.5000000E+00
-4.6054000E+00,+14.6562500E+00,+3.6562500E+00
-4.6052000E+00,+14.6562500E+00,+3.5000000E+00
-4.6050000E+00,+14.6562500E+00,+3.5000000E+00
-4.6048000E+00,+14.5000000E+00,+3.5000000E+00
-4.6046000E+00,+14.6562500E+00,+3.6562500E+00
-4.6044000E+00,+14.5000000E+00,+3.5000000E+00
-4.6042000E+00,+14.6562500E+00,+3.5000000E+00
-4.6040000E+00,+14.8125000E+00,+3.6562500E+00
-4.6038000E+00,+14.6562500E+00,+3.6562500E+00
-4.6036000E+00,+14.6562500E+00,+3.5000000E+00
-4.6034000E+00,+14.6562500E+00,+3.6562500E+00
-4.6032000E+00,+14.8125000E+00,+3.5000000E+00
-4.6030000E+00,+14.6562500E+00,+3.5000000E+00
-4.6028000E+00,+14.8125000E+00,+3.8125000E+00
-4.6026000E+00,+14.5000000E+00,+3.6562500E+00
-4.6024000E+00,+14.8125000E+00,+3.6562500E+00
-4.6022000E+00,+14.6562500E+00,+3.6562500E+00
-4.6020000E+00,+14.6562500E+00,+3.5000000E+00
-4.6018000E+00,+14.6562500E+00,+3.6562500E+00
-4.6016000E+00,+14.8125000E+00,+3.6562500E+00
-4.6014000E+00,+14.6562500E+00,+3.6562500E+00
-4.6012000E+00,+14.6562500E+00,+3.5000000E+00
-4.6010000E+00,+14.6562500E+00,+3.6562500E+00
-4.6008000E+00,+14.8125000E+00,+3.5000000E+00
-4.6006000E+00,+14.6562500E+00,+3.6562500E+00
-4.6004000E+00,+14.8125000E+00,+3.5000000E+00
-4.6002000E+00,+14.8125000E+00,+3.6562500E+00
-4.6000000E+00,+14.6562500E+00,+3.6562500E+00
-4.5998000E+00,+14.5000000E+00,+3.6562500E+00
-4.5996000E+00,+14.6562500E+00,+3.5000000E+00
-4.5994000E+00,+14.8125000E+00,+3.6562500E+00
-4.5992000E+00,+14.6562500E+00,+3.5000000E+00
-4.5990000E+00,+14.8125000E+00,+3.5000000E+00
-4.5988000E+00,+14.6562500E+00,+3.5000000E+00
-4.5986000E+00,+14.6562500E+00,+3.5000000E+00
-4.5984000E+00,+14.8125000E+00,+3.6562500E+00
-4.5982000E+00,+14.8125000E+00,+3.6562500E+00
-4.5980000E+00,+14.6562500E+00,+3.6562500E+00
-4.5978000E+00,+14.6562500E+00,+3.5000000E+00
-4.5976000E+00,+14.5000000E+00,+3.5000000E+00
-4.5974000E+00,+14.8125000E+00,+3.3437500E+00
-4.5972000E+00,+14.8125000E+00,+3.5000000E+00
-4.5970000E+00,+14.5000000E+00,+3.6562500E+00
-4.5968000E+00,+14.8125000E+00,+3.6562500E+00
-4.5966000E+00,+14.6562500E+00,+3.5000000E+00
-4.5964000E+00,+14.6562500E+00,+3.6562500E+00
-4.5962000E+00,+14.8125000E+00,+3.6562500E+00
-4.5960000E+00,+14.8125000E+00,+3.5000000E+00
-4.5958000E+00,+14.8125000E+00,+3.5000000E+00
-4.5956000E+00,+14.8125000E+00,+3.6562500E+00
-4.5954000E+00,+14.6562500E+00,+3.8125000E+00
-4.5952000E+00,+14.6562500E+00,+3.6562500E+00
-4.5950000E+00,+14.5000000E+00,+3.6562500E+00
-4.5948000E+00,+14.6562500E+00,+3.6562500E+00
-4.5946000E+00,+14.6562500E+00,+3.6562500E+00
-4.5944000E+00,+14.6562500E+00,+3.5000000E+00
-4.5942000E+00,+14.8125000E+00,+3.6562500E+00
-4.5940000E+00,+14.6562500E+00,+3.6562500E+00
-4.5938000E+00,+14.8125000E+00,+3.5000000E+00
-4.5936000E+00,+14.6562500E+00,+3.6562500E+00
-4.5934000E+00,+14.8125000E+00,+3.6562500E+00
-4.5932000E+00,+14.6562500E+00,+3.5000000E+00
-4.5930000E+00,+14.8125000E+00,+3.5000000E+00
-4.5928000E+00,+14.5000000E+00,+3.6562500E+00
-4.5926000E+00,+14.8125000E+00,+3.6562500E+00
-4.5924000E+00,+14.8125000E+00,+3.5000000E+00
-4.5922000E+00,+14.8125000E+00,+3.5000000E+00
-4.5920000E+00,+14.6562500E+00,+3.5000000E+00
-4.5918000E+00,+14.8125000E+00,+3.6562500E+00
-4.5916000E+00,+14.6562500E+00,+3.6562500E+00
-4.5914000E+00,+14.6562500E+00,+3.5000000E+00
-4.5912000E+00,+14.6562500E+00,+3.6562500E+00
-4.5910000E+00,+14.6562500E+00,+3.5000000E+00
-4.5908000E+00,+14.6562500E+00,+3.6562500E+00
-4.5906000E+00,+14.8125000E+00,+3.6562500E+00
-4.5904000E+00,+14.8125000E+00,+3.5000000E+00
-4.5902000E+00,+14.6562500E+00,+3.6562500E+00
-4.5900000E+00,+14.8125000E+00,+3.6562500E+00
-4.5898000E+00,+14.8125000E+00,+3.6562500E+00
-4.5896000E+00,+14.6562500E+00,+3.6562500E+00
-4.5894000E+00,+14.8125000E+00,+3.6562500E+00
-4.5892000E+00,+14.8125000E+00,+3.6562500E+00
-4.5890000E+00,+14.6562500E+00,+3.6562500E+00
-4.5888000E+00,+14.6562500E+00,+3.5000000E+00
-4.5886000E+00,+14.8125000E+00,+3.6562500E+00
-4.5884000E+00,+14.8125000E+00,+3.5000000E+00
-4.5882000E+00,+14.6562500E+00,+3.6562500E+00
-4.5880000E+00,+14.8125000E+00,+3.6562500E+00
-4.5878000E+00,+14.8125000E+00,+3.6562500E+00
-4.5876000E+00,+14.9687500E+00,+3.6562500E+00
-4.5874000E+00,+14.6562500E+00,+3.8125000E+00
-4.5872000E+00,+14.8125000E+00,+3.5000000E+00
-4.5870000E+00,+14.8125000E+00,+3.6562500E+00
-4.5868000E+00,+14.8125000E+00,+3.5000000E+00
-4.5866000E+00,+14.8125000E+00,+3.5000000E+00
-4.5864000E+00,+14.8125000E+00,+3.6562500E+00
-4.5862000E+00,+14.8125000E+00,+3.6562500E+00
-4.5860000E+00,+14.8125000E+00,+3.5000000E+00
-4.5858000E+00,+14.8125000E+00,+3.5000000E+00
-4.5856000E+00,+14.9687500E+00,+3.6562500E+00
-4.5854000E+00,+14.9687500E+00,+3.6562500E+00
-4.5852000E+00,+14.6562500E+00,+3.6562500E+00
-4.5850000E+00,+14.6562500E+00,+3.6562500E+00
-4.5848000E+00,+14.6562500E+00,+3.6562500E+00
-4.5846000E+00,+14.8125000E+00,+3.6562500E+00
-4.5844000E+00,+14.9687500E+00,+3.5000000E+00
-4.5842000E+00,+14.8125000E+00,+3.5000000E+00
-4.5840000E+00,+14.9687500E+00,+3.6562500E+00
-4.5838000E+00,+14.8125000E+00,+3.5000000E+00
-4.5836000E+00,+14.8125000E+00,+3.6562500E+00
-4.5834000E+00,+14.6562500E+00,+3.6562500E+00
-4.5832000E+00,+14.9687500E+00,+3.5000000E+00
-4.5830000E+00,+14.8125000E+00,+3.5000000E+00
-4.5828000E+00,+14.8125000E+00,+3.6562500E+00
-4.5826000E+00,+14.8125000E+00,+3.6562500E+00
-4.5824000E+00,+14.6562500E+00,+3.6562500E+00
-4.5822000E+00,+14.6562500E+00,+3.6562500E+00
-4.5820000E+00,+14.6562500E+00,+3.6562500E+00
-4.5818000E+00,+14.6562500E+00,+3.5000000E+00
-4.5816000E+00,+14.8125000E+00,+3.6562500E+00
-4.5814000E+00,+14.8125000E+00,+3.6562500E+00
-4.5812000E+00,+14.8125000E+00,+3.6562500E+00
-4.5810000E+00,+14.8125000E+00,+3.5000000E+00
-4.5808000E+00,+14.8125000E+00,+3.8125000E+00
-4.5806000E+00,+14.8125000E+00,+3.6562500E+00
-4.5804000E+00,+14.8125000E+00,+3.6562500E+00
-4.5802000E+00,+14.6562500E+00,+3.6562500E+00
-4.5800000E+00,+14.8125000E+00,+3.5000000E+00
-4.5798000E+00,+14.8125000E+00,+3.6562500E+00
-4.5796000E+00,+14.8125000E+00,+3.5000000E+00
-4.5794000E+00,+14.6562500E+00,+3.6562500E+00
-4.5792000E+00,+14.8125000E+00,+3.6562500E+00
-4.5790000E+00,+14.8125000E+00,+3.5000000E+00
-4.5788000E+00,+14.6562500E+00,+3.5000000E+00
-4.5786000E+00,+14.8125000E+00,+3.5000000E+00
-4.5784000E+00,+14.8125000E+00,+3.6562500E+00
-4.5782000E+00,+14.8125000E+00,+3.5000000E+00
-4.5780000E+00,+14.8125000E+00,+3.5000000E+00
-4.5778000E+00,+14.8125000E+00,+3.5000000E+00
-4.5776000E+00,+14.8125000E+00,+3.5000000E+00
-4.5774000E+00,+14.6562500E+00,+3.5000000E+00
-4.5772000E+00,+14.8125000E+00,+3.5000000E+00
-4.5770000E+00,+14.8125000E+00,+3.6562500E+00
-4.5768000E+00,+14.8125000E+00,+3.6562500E+00
-4.5766000E+00,+14.6562500E+00,+3.6562500E+00
-4.5764000E+00,+14.8125000E+00,+3.5000000E+00
-4.5762000E+00,+14.6562500E+00,+3.6562500E+00
-4.5760000E+00,+14.8125000E+00,+3.6562500E+00
-4.5758000E+00,+14.8125000E+00,+3.5000000E+00
-4.5756000E+00,+14.6562500E+00,+3.6562500E+00
-4.5754000E+00,+14.6562500E+00,+3.6562500E+00
-4.5752000E+00,+14.6562500E+00,+3.5000000E+00
-4.5750000E+00,+14.9687500E+00,+3.5000000E+00
-4.5748000E+00,+14.8125000E+00,+3.8125000E+00
-4.5746000E+00,+14.8125000E+00,+3.5000000E+00
-4.5744000E+00,+14.9687500E+00,+3.5000000E+00
-4.5742000E+00,+14.8125000E+00,+3.6562500E+00
-4.5740000E+00,+14.8125000E+00,+3.6562500E+00
-4.5738000E+00,+14.8125000E+00,+3.5000000E+00
-4.5736000E+00,+14.8125000E+00,+3.6562500E+00
-4.5734000E+00,+14.8125000E+00,+3.5000000E+00
-4.5732000E+00,+14.8125000E+00,+3.6562500E+00
-4.5730000E+00,+14.9687500E+00,+3.6562500E+00
-4.5728000E+00,+14.8125000E+00,+3.5000000E+00
-4.5726000E+00,+14.8125000E+00,+3.5000000E+00
-4.5724000E+00,+14.6562500E+00,+3.5000000E+00
-4.5722000E+00,+14.8125000E+00,+3.6562500E+00
-4.5720000E+00,+14.8125000E+00,+3.5000000E+00
-4.5718000E+00,+14.6562500E+00,+3.8125000E+00
-4.5716000E+00,+14.8125000E+00,+3.3437500E+00
-4.5714000E+00,+14.6562500E+00,+3.6562500E+00
-4.5712000E+00,+14.8125000E+00,+3.5000000E+00
-4.5710000E+00,+14.6562500E+00,+3.6562500E+00
-4.5708000E+00,+14.6562500E+00,+3.5000000E+00
-4.5706000E+00,+14.8125000E+00,+3.6562500E+00
