x-axis,V_INS,V_INC,V_OUT
second,Volt,Volt,Volt
-30.0000E-03,+21.4844E-03,+25.3906E-03,+17.5781E-03
-29.7000E-03,+21.4844E-03,+25.3906E-03,+23.4375E-03
-29.4000E-03,+11.7188E-03,+25.3906E-03,+17.5781E-03
-29.1000E-03,+21.4844E-03,+25.3906E-03,+17.5781E-03
-28.8000E-03,+21.4844E-03,+25.3906E-03,+17.5781E-03
-28.5000E-03,+11.7188E-03,+25.3906E-03,+17.5781E-03
-28.2000E-03,+11.7188E-03,+25.3906E-03,+23.4375E-03
-27.9000E-03,+21.4844E-03,+25.3906E-03,+23.4375E-03
-27.6000E-03,+21.4844E-03,+25.3906E-03,+17.5781E-03
-27.3000E-03,+21.4844E-03,+25.3906E-03,+17.5781E-03
-27.0000E-03,+21.4844E-03,+25.3906E-03,+23.4375E-03
-26.7000E-03,+31.2500E-03,+25.3906E-03,+23.4375E-03
-26.4000E-03,+21.4844E-03,+25.3906E-03,+17.5781E-03
-26.1000E-03,+21.4844E-03,+15.6250E-03,+17.5781E-03
-25.8000E-03,+21.4844E-03,+25.3906E-03,+23.4375E-03
-25.5000E-03,+21.4844E-03,+25.3906E-03,+23.4375E-03
-25.2000E-03,+21.4844E-03,+25.3906E-03,+17.5781E-03
-24.9000E-03,+21.4844E-03,+15.6250E-03,+23.4375E-03
-24.6000E-03,+21.4844E-03,+25.3906E-03,+23.4375E-03
-24.3000E-03,+21.4844E-03,+25.3906E-03,+23.4375E-03
-24.0000E-03,+11.7188E-03,+25.3906E-03,+23.4375E-03
-23.7000E-03,+11.7188E-03,+25.3906E-03,+23.4375E-03
-23.4000E-03,+21.4844E-03,+25.3906E-03,+23.4375E-03
-23.1000E-03,+21.4844E-03,+25.3906E-03,+23.4375E-03
-22.8000E-03,+21.4844E-03,+15.6250E-03,+23.4375E-03
-22.5000E-03,+21.4844E-03,+25.3906E-03,+23.4375E-03
-22.2000E-03,+21.4844E-03,+15.6250E-03,+29.2969E-03
-21.9000E-03,+21.4844E-03,+15.6250E-03,+29.2969E-03
-21.6000E-03,+21.4844E-03,+25.3906E-03,+23.4375E-03
-21.3000E-03,+21.4844E-03,+25.3906E-03,+17.5781E-03
-21.0000E-03,+11.7188E-03,+15.6250E-03,+23.4375E-03
-20.7000E-03,+21.4844E-03,+15.6250E-03,+23.4375E-03
-20.4000E-03,+21.4844E-03,+15.6250E-03,+23.4375E-03
-20.1000E-03,+21.4844E-03,+15.6250E-03,+23.4375E-03
-19.8000E-03,+21.4844E-03,+15.6250E-03,+23.4375E-03
-19.5000E-03,+21.4844E-03,+25.3906E-03,+23.4375E-03
-19.2000E-03,+21.4844E-03,+25.3906E-03,+29.2969E-03
-18.9000E-03,+11.7188E-03,+25.3906E-03,+23.4375E-03
-18.6000E-03,+11.7188E-03,+25.3906E-03,+23.4375E-03
-18.3000E-03,+21.4844E-03,+15.6250E-03,+23.4375E-03
-18.0000E-03,+21.4844E-03,+15.6250E-03,+29.2969E-03
-17.7000E-03,+11.7188E-03,+15.6250E-03,+29.2969E-03
-17.4000E-03,+21.4844E-03,+25.3906E-03,+23.4375E-03
-17.1000E-03,+11.7188E-03,+15.6250E-03,+17.5781E-03
-16.8000E-03,+21.4844E-03,+15.6250E-03,+17.5781E-03
-16.5000E-03,+21.4844E-03,+15.6250E-03,+23.4375E-03
-16.2000E-03,+11.7188E-03,+25.3906E-03,+23.4375E-03
-15.9000E-03,+21.4844E-03,+15.6250E-03,+23.4375E-03
-15.6000E-03,+11.7188E-03,+15.6250E-03,+29.2969E-03
-15.3000E-03,+21.4844E-03,+25.3906E-03,+23.4375E-03
-15.0000E-03,+11.7188E-03,+15.6250E-03,+17.5781E-03
-14.7000E-03,+21.4844E-03,+15.6250E-03,+23.4375E-03
-14.4000E-03,+11.7187E-03,+15.6250E-03,+23.4375E-03
-14.1000E-03,+1.9531E-03,+15.6250E-03,+23.4375E-03
-13.8000E-03,+11.7188E-03,+15.6250E-03,+23.4375E-03
-13.5000E-03,+11.7187E-03,+15.6250E-03,+23.4375E-03
-13.2000E-03,+1.9531E-03,+15.6250E-03,+17.5781E-03
-12.9000E-03,+11.7188E-03,+15.6250E-03,+23.4375E-03
-12.6000E-03,+11.7188E-03,+15.6250E-03,+23.4375E-03
-12.3000E-03,+11.7187E-03,+5.8594E-03,+17.5781E-03
-12.0000E-03,+1.9531E-03,+15.6250E-03,+17.5781E-03
-11.7000E-03,+11.7188E-03,+15.6250E-03,+17.5781E-03
-11.4000E-03,+11.7188E-03,+15.6250E-03,+17.5781E-03
-11.1000E-03,+11.7188E-03,+15.6250E-03,+23.4375E-03
-10.8000E-03,+11.7188E-03,+15.6250E-03,+23.4375E-03
-10.5000E-03,+11.7188E-03,+15.6250E-03,+23.4375E-03
-10.2000E-03,+11.7188E-03,+15.6250E-03,+23.4375E-03
-9.9000E-03,+11.7188E-03,+15.6250E-03,+23.4375E-03
-9.6000E-03,+11.7188E-03,+15.6250E-03,+23.4375E-03
-9.3000E-03,+11.7188E-03,+15.6250E-03,+23.4375E-03
-9.0000E-03,+11.7188E-03,+15.6250E-03,+23.4375E-03
-8.7000E-03,+11.7188E-03,+15.6250E-03,+23.4375E-03
-8.4000E-03,+11.7188E-03,+15.6250E-03,+23.4375E-03
-8.1000E-03,+11.7188E-03,+15.6250E-03,+17.5781E-03
-7.8000E-03,+11.7188E-03,+15.6250E-03,+23.4375E-03
-7.5000E-03,+11.7188E-03,+5.8594E-03,+23.4375E-03
-7.2000E-03,+11.7188E-03,+5.8594E-03,+23.4375E-03
-6.9000E-03,+11.7188E-03,+15.6250E-03,+17.5781E-03
-6.6000E-03,+11.7188E-03,+15.6250E-03,+23.4375E-03
-6.3000E-03,+11.7188E-03,+15.6250E-03,+23.4375E-03
-6.0000E-03,+11.7188E-03,+5.8594E-03,+23.4375E-03
-5.7000E-03,+11.7188E-03,+15.6250E-03,+17.5781E-03
-5.4000E-03,+11.7187E-03,+15.6250E-03,+23.4375E-03
-5.1000E-03,+1.9531E-03,+15.6250E-03,+23.4375E-03
-4.8000E-03,+11.7188E-03,+15.6250E-03,+23.4375E-03
-4.5000E-03,+11.7187E-03,+5.8594E-03,+23.4375E-03
-4.2000E-03,+1.9531E-03,+5.8594E-03,+29.2969E-03
-3.9000E-03,+11.7187E-03,+15.6250E-03,+23.4375E-03
-3.6000E-03,+1.9531E-03,+5.8594E-03,+23.4375E-03
-3.3000E-03,+11.7188E-03,+5.8594E-03,+23.4375E-03
-3.0000E-03,+11.7188E-03,+5.8594E-03,+23.4375E-03
-2.7000E-03,+11.7187E-03,+5.8594E-03,+23.4375E-03
-2.4000E-03,+1.9531E-03,+5.8594E-03,+17.5781E-03
-2.1000E-03,+1.9531E-03,+15.6250E-03,+23.4375E-03
-1.8000E-03,+1.9531E-03,+5.8594E-03,+23.4375E-03
-1.5000E-03,+11.7187E-03,+5.8594E-03,+23.4375E-03
-1.2000E-03,+1.9531E-03,+5.8594E-03,+17.5781E-03
-900.0E-06,+1.9531E-03,+15.6250E-03,+23.4375E-03
-600.0E-06,+1.9531E-03,+15.6250E-03,+23.4375E-03
-300.0E-06,+1.9531E-03,+15.6250E-03,+23.4375E-03
+0.0E+00,+1.9531E-03,+5.8594E-03,+23.4375E-03
+300.0E-06,+1.9531E-03,+5.8594E-03,+23.4375E-03
+600.0E-06,+1.9531E-03,+5.8594E-03,+29.2969E-03
+900.0E-06,+1.9531E-03,+5.8594E-03,+17.5781E-03
+1.2000E-03,+11.7187E-03,+5.8594E-03,+17.5781E-03
+1.5000E-03,+1.9531E-03,+5.8594E-03,+29.2969E-03
+1.8000E-03,+11.7187E-03,+15.6250E-03,+29.2969E-03
+2.1000E-03,+1.9531E-03,+5.8594E-03,+23.4375E-03
+2.4000E-03,+1.9531E-03,+15.6250E-03,+23.4375E-03
+2.7000E-03,+1.9531E-03,+5.8594E-03,+17.5781E-03
+3.0000E-03,+1.9531E-03,+5.8594E-03,+23.4375E-03
+3.3000E-03,+1.9531E-03,+5.8594E-03,+23.4375E-03
+3.6000E-03,+1.9531E-03,+5.8594E-03,+29.2969E-03
+3.9000E-03,+1.9531E-03,+5.8594E-03,+23.4375E-03
+4.2000E-03,+1.9531E-03,+5.8594E-03,+23.4375E-03
+4.5000E-03,+1.9531E-03,+5.8594E-03,+29.2969E-03
+4.8000E-03,+1.9531E-03,+5.8594E-03,+23.4375E-03
+5.1000E-03,+1.9531E-03,+5.8594E-03,+23.4375E-03
+5.4000E-03,+1.9531E-03,+5.8594E-03,+29.2969E-03
+5.7000E-03,+1.9531E-03,+5.8594E-03,+29.2969E-03
+6.0000E-03,+1.9531E-03,+5.8594E-03,+29.2969E-03
+6.3000E-03,+11.7187E-03,+15.6250E-03,+29.2969E-03
+6.6000E-03,+1.9531E-03,+5.8594E-03,+29.2969E-03
+6.9000E-03,+1.9531E-03,+5.8594E-03,+29.2969E-03
+7.2000E-03,+1.9531E-03,+5.8594E-03,+29.2969E-03
+7.5000E-03,-7.8125E-03,+5.8594E-03,+29.2969E-03
+7.8000E-03,+1.9531E-03,+5.8594E-03,+29.2969E-03
+8.1000E-03,+1.9531E-03,+5.8594E-03,+35.1562E-03
+8.4000E-03,+1.9531E-03,+5.8594E-03,+29.2969E-03
+8.7000E-03,-7.8125E-03,+5.8594E-03,+29.2969E-03
+9.0000E-03,-7.8125E-03,+5.8594E-03,+35.1562E-03
+9.3000E-03,-7.8125E-03,+5.8594E-03,+29.2969E-03
+9.6000E-03,+1.9531E-03,+5.8594E-03,+29.2969E-03
+9.9000E-03,-7.8125E-03,+5.8594E-03,+29.2969E-03
+10.2000E-03,+1.9531E-03,+5.8594E-03,+29.2969E-03
+10.5000E-03,+1.9531E-03,+5.8594E-03,+29.2969E-03
+10.8000E-03,+1.9531E-03,+5.8594E-03,+23.4375E-03
+11.1000E-03,-7.8125E-03,+5.8594E-03,+23.4375E-03
+11.4000E-03,+1.9531E-03,+5.8594E-03,+23.4375E-03
+11.7000E-03,+1.9531E-03,-3.9062E-03,+23.4375E-03
+12.0000E-03,+1.9531E-03,+5.8594E-03,+29.2969E-03
+12.3000E-03,+1.9531E-03,+5.8594E-03,+29.2969E-03
+12.6000E-03,-7.8125E-03,+5.8594E-03,+29.2969E-03
+12.9000E-03,+1.9531E-03,+5.8594E-03,+23.4375E-03
+13.2000E-03,-7.8125E-03,+5.8594E-03,+23.4375E-03
+13.5000E-03,-7.8125E-03,-3.9063E-03,+23.4375E-03
+13.8000E-03,-7.8125E-03,-3.9062E-03,+23.4375E-03
+14.1000E-03,-7.8125E-03,+5.8594E-03,+23.4375E-03
+14.4000E-03,-7.8125E-03,+5.8594E-03,+23.4375E-03
+14.7000E-03,-7.8125E-03,-3.9063E-03,+29.2969E-03
+15.0000E-03,+1.9531E-03,-3.9063E-03,+29.2969E-03
+15.3000E-03,+1.9531E-03,-3.9062E-03,+29.2969E-03
+15.6000E-03,+1.9531E-03,+5.8594E-03,+23.4375E-03
+15.9000E-03,+1.9531E-03,+5.8594E-03,+23.4375E-03
+16.2000E-03,-7.8125E-03,+5.8594E-03,+29.2969E-03
+16.5000E-03,+1.9531E-03,+5.8594E-03,+23.4375E-03
+16.8000E-03,+1.9531E-03,+5.8594E-03,+23.4375E-03
+17.1000E-03,-7.8125E-03,+5.8594E-03,+23.4375E-03
+17.4000E-03,-7.8125E-03,+5.8594E-03,+29.2969E-03
+17.7000E-03,-7.8125E-03,-3.9063E-03,+23.4375E-03
+18.0000E-03,-7.8125E-03,-3.9062E-03,+23.4375E-03
+18.3000E-03,-7.8125E-03,+5.8594E-03,+23.4375E-03
+18.6000E-03,-7.8125E-03,-3.9063E-03,+23.4375E-03
+18.9000E-03,+1.9531E-03,-3.9063E-03,+29.2969E-03
+19.2000E-03,-7.8125E-03,-3.9063E-03,+29.2969E-03
+19.5000E-03,-7.8125E-03,-3.9063E-03,+29.2969E-03
+19.8000E-03,-7.8125E-03,-3.9063E-03,+23.4375E-03
+20.1000E-03,+1.9531E-03,-3.9063E-03,+29.2969E-03
+20.4000E-03,-7.8125E-03,-3.9063E-03,+29.2969E-03
+20.7000E-03,-7.8125E-03,-3.9063E-03,+29.2969E-03
+21.0000E-03,-7.8125E-03,-3.9063E-03,+29.2969E-03
+21.3000E-03,-7.8125E-03,-3.9063E-03,+23.4375E-03
+21.6000E-03,-7.8125E-03,-3.9063E-03,+23.4375E-03
+21.9000E-03,-7.8125E-03,-3.9063E-03,+23.4375E-03
+22.2000E-03,-7.8125E-03,-3.9063E-03,+29.2969E-03
+22.5000E-03,-7.8125E-03,-3.9062E-03,+29.2969E-03
+22.8000E-03,+167.9688E-03,+93.7500E-03,+35.1562E-03
+23.1000E-03,+480.4688E-03,+416.0156E-03,+29.2969E-03
+23.4000E-03,+578.1250E-03,+552.7344E-03,+35.1563E-03
+23.7000E-03,+685.5469E-03,+660.1563E-03,+35.1562E-03
+24.0000E-03,+792.9688E-03,+757.8125E-03,+29.2969E-03
+24.3000E-03,+890.6250E-03,+875.0000E-03,+29.2969E-03
+24.6000E-03,+978.5156E-03,+972.6563E-03,+29.2969E-03
+24.9000E-03,+1.0859375E+00,+1.0703125E+00,+29.2969E-03
+25.2000E-03,+1.1933594E+00,+1.1582031E+00,+35.1562E-03
+25.5000E-03,+1.3007813E+00,+1.2558594E+00,+29.2969E-03
+25.8000E-03,+1.3984375E+00,+1.3437500E+00,+35.1562E-03
+26.1000E-03,+1.4863281E+00,+1.4511719E+00,+29.2969E-03
+26.4000E-03,+1.5839844E+00,+1.5390625E+00,+35.1562E-03
+26.7000E-03,+1.6816406E+00,+1.6367188E+00,+29.2969E-03
+27.0000E-03,+1.7695313E+00,+1.7441406E+00,+29.2969E-03
+27.3000E-03,+1.8574219E+00,+1.8417969E+00,+35.1562E-03
+27.6000E-03,+1.9550781E+00,+1.9296875E+00,+23.4375E-03
+27.9000E-03,+2.0527344E+00,+2.0175781E+00,+29.2969E-03
+28.2000E-03,+2.1503906E+00,+2.1250000E+00,+29.2969E-03
+28.5000E-03,+2.2382813E+00,+2.2324219E+00,+35.1563E-03
+28.8000E-03,+2.3359375E+00,+2.3203125E+00,+35.1563E-03
+29.1000E-03,+2.4335938E+00,+2.4179688E+00,+35.1563E-03
+29.4000E-03,+2.5214844E+00,+2.4960938E+00,+35.1563E-03
+29.7000E-03,+2.6191406E+00,+2.5937500E+00,+35.1563E-03
+30.0000E-03,+2.7070313E+00,+2.6816406E+00,+35.1562E-03
+30.3000E-03,+2.8046875E+00,+2.7695313E+00,+29.2969E-03
+30.6000E-03,+2.8925781E+00,+2.8671875E+00,+35.1562E-03
+30.9000E-03,+2.9804688E+00,+2.9550781E+00,+29.2969E-03
+31.2000E-03,+3.0683594E+00,+3.0527344E+00,+35.1563E-03
+31.5000E-03,+3.1562500E+00,+3.1406250E+00,+35.1563E-03
+31.8000E-03,+3.2539063E+00,+3.2480469E+00,+35.1563E-03
+32.1000E-03,+3.3320313E+00,+3.3359375E+00,+35.1562E-03
+32.4000E-03,+3.4199219E+00,+3.4238281E+00,+29.2969E-03
+32.7000E-03,+3.5175781E+00,+3.5117188E+00,+29.2969E-03
+33.0000E-03,+3.6054688E+00,+3.5996094E+00,+29.2969E-03
+33.3000E-03,+3.6835938E+00,+3.6875000E+00,+29.2969E-03
+33.6000E-03,+3.7714844E+00,+3.7753906E+00,+35.1563E-03
+33.9000E-03,+3.8496094E+00,+3.8632813E+00,+35.1562E-03
+34.2000E-03,+3.9375000E+00,+3.9316406E+00,+29.2969E-03
+34.5000E-03,+4.0156250E+00,+4.0097656E+00,+29.2969E-03
+34.8000E-03,+4.0937500E+00,+4.0878906E+00,+29.2969E-03
+35.1000E-03,+4.1718750E+00,+4.1757813E+00,+29.2969E-03
+35.4000E-03,+4.2500000E+00,+4.2441406E+00,+41.0156E-03
+35.7000E-03,+4.3378906E+00,+4.3125000E+00,+76.1719E-03
+36.0000E-03,+4.4062500E+00,+4.3906250E+00,+123.0469E-03
+36.3000E-03,+4.4843750E+00,+4.4492188E+00,+222.6563E-03
+36.6000E-03,+4.5527344E+00,+4.4980469E+00,+416.0156E-03
+36.9000E-03,+4.6210938E+00,+4.5468750E+00,+673.8281E-03
+37.2000E-03,+4.6894531E+00,+4.5664063E+00,+966.7969E-03
+37.5000E-03,+4.7480469E+00,+4.5859375E+00,+1.2832031E+00
+37.8000E-03,+4.8066406E+00,+4.5957031E+00,+1.6289063E+00
+38.1000E-03,+4.8652344E+00,+4.5761719E+00,+2.0507813E+00
+38.4000E-03,+4.9238281E+00,+4.5664062E+00,+2.4785156E+00
+38.7000E-03,+4.9824219E+00,+4.5566406E+00,+2.8652344E+00
+39.0000E-03,+5.0507813E+00,+4.5761719E+00,+3.2753906E+00
+39.3000E-03,+5.1191406E+00,+4.7031250E+00,+3.5683594E+00
+39.6000E-03,+5.1972656E+00,+4.9277344E+00,+3.6855469E+00
+39.9000E-03,+5.2656250E+00,+5.0546875E+00,+3.6679687E+00
+40.2000E-03,+5.3242188E+00,+5.1132813E+00,+3.6503906E+00
+40.5000E-03,+5.3925781E+00,+5.1816406E+00,+3.6503906E+00
+40.8000E-03,+5.4511719E+00,+5.2500000E+00,+3.6445313E+00
+41.1000E-03,+5.5097656E+00,+5.3183594E+00,+3.6445313E+00
+41.4000E-03,+5.5683594E+00,+5.3671875E+00,+3.6445313E+00
+41.7000E-03,+5.6367188E+00,+5.4355469E+00,+3.6386719E+00
+42.0000E-03,+5.6953125E+00,+5.5039063E+00,+3.6386719E+00
+42.3000E-03,+5.7539063E+00,+5.5722656E+00,+3.6386719E+00
+42.6000E-03,+5.8125000E+00,+5.6210938E+00,+3.6445313E+00
+42.9000E-03,+5.8710938E+00,+5.6796875E+00,+3.6386719E+00
+43.2000E-03,+5.9296875E+00,+5.7480469E+00,+3.6386719E+00
+43.5000E-03,+5.9882813E+00,+5.8066406E+00,+3.6445313E+00
+43.8000E-03,+6.0468750E+00,+5.8652344E+00,+3.6386719E+00
+44.1000E-03,+6.1054688E+00,+5.9238281E+00,+3.6445313E+00
+44.4000E-03,+6.1542969E+00,+5.9726563E+00,+3.6386719E+00
+44.7000E-03,+6.2031250E+00,+6.0312500E+00,+3.6445313E+00
+45.0000E-03,+6.2617188E+00,+6.0898438E+00,+3.6445313E+00
+45.3000E-03,+6.3105469E+00,+6.1289063E+00,+3.6386719E+00
+45.6000E-03,+6.3691406E+00,+6.1875000E+00,+3.6445313E+00
+45.9000E-03,+6.4082031E+00,+6.2265625E+00,+3.6445313E+00
+46.2000E-03,+6.4570313E+00,+6.2851563E+00,+3.6445313E+00
+46.5000E-03,+6.5058594E+00,+6.3242188E+00,+3.6386719E+00
+46.8000E-03,+6.5546875E+00,+6.3730469E+00,+3.6386719E+00
+47.1000E-03,+6.6035156E+00,+6.4316406E+00,+3.6386719E+00
+47.4000E-03,+6.6523438E+00,+6.4804688E+00,+3.6386719E+00
+47.7000E-03,+6.6914063E+00,+6.5292969E+00,+3.6386719E+00
+48.0000E-03,+6.7402344E+00,+6.5683594E+00,+3.6445313E+00
+48.3000E-03,+6.7890625E+00,+6.6269531E+00,+3.6445313E+00
+48.6000E-03,+6.8378906E+00,+6.6660156E+00,+3.6445313E+00
+48.9000E-03,+6.8867188E+00,+6.7148438E+00,+3.6386719E+00
+49.2000E-03,+6.9355469E+00,+6.7636719E+00,+3.6386719E+00
+49.5000E-03,+6.9843750E+00,+6.8027344E+00,+3.6386719E+00
+49.8000E-03,+7.0234375E+00,+6.8515625E+00,+3.6328125E+00
+50.1000E-03,+7.0625000E+00,+6.8906250E+00,+3.6328125E+00
+50.4000E-03,+7.1015625E+00,+6.9394531E+00,+3.6386719E+00
+50.7000E-03,+7.1406250E+00,+6.9687500E+00,+3.6386719E+00
+51.0000E-03,+7.1796875E+00,+7.0078125E+00,+3.6386719E+00
+51.3000E-03,+7.2089844E+00,+7.0468750E+00,+3.6386719E+00
+51.6000E-03,+7.2578125E+00,+7.0957031E+00,+3.6386719E+00
+51.9000E-03,+7.2871094E+00,+7.1347656E+00,+3.6386719E+00
+52.2000E-03,+7.3261719E+00,+7.1640625E+00,+3.6386719E+00
+52.5000E-03,+7.3554688E+00,+7.2031250E+00,+3.6386719E+00
+52.8000E-03,+7.3945313E+00,+7.2421875E+00,+3.6386719E+00
+53.1000E-03,+7.4335938E+00,+7.2714844E+00,+3.6386719E+00
+53.4000E-03,+7.4628906E+00,+7.3007813E+00,+3.6328125E+00
+53.7000E-03,+7.5019531E+00,+7.3398438E+00,+3.6328125E+00
+54.0000E-03,+7.5410156E+00,+7.3691406E+00,+3.6328125E+00
+54.3000E-03,+7.5703125E+00,+7.4082031E+00,+3.6386719E+00
+54.6000E-03,+7.5996094E+00,+7.4277344E+00,+3.6386719E+00
+54.9000E-03,+7.6289063E+00,+7.4667969E+00,+3.6386719E+00
+55.2000E-03,+7.6582031E+00,+7.4960938E+00,+3.6386719E+00
+55.5000E-03,+7.6875000E+00,+7.5253906E+00,+3.6386719E+00
+55.8000E-03,+7.7167969E+00,+7.5644531E+00,+3.6328125E+00
+56.1000E-03,+7.7363281E+00,+7.5937500E+00,+3.6328125E+00
+56.4000E-03,+7.7656250E+00,+7.6230469E+00,+3.6386719E+00
+56.7000E-03,+7.7851563E+00,+7.6523438E+00,+3.6328125E+00
+57.0000E-03,+7.8144531E+00,+7.6816406E+00,+3.6328125E+00
+57.3000E-03,+7.8437500E+00,+7.7109375E+00,+3.6386719E+00
+57.6000E-03,+7.8632813E+00,+7.7402344E+00,+3.6386719E+00
+57.9000E-03,+7.8925781E+00,+7.7695313E+00,+3.6328125E+00
+58.2000E-03,+7.9218750E+00,+7.7988281E+00,+3.6386719E+00
+58.5000E-03,+7.9414063E+00,+7.8281250E+00,+3.6445312E+00
+58.8000E-03,+7.9707031E+00,+7.8574219E+00,+3.6386719E+00
+59.1000E-03,+8.0000000E+00,+7.8769531E+00,+3.6445312E+00
+59.4000E-03,+8.0292969E+00,+7.9062500E+00,+3.6328125E+00
+59.7000E-03,+8.0488281E+00,+7.9355469E+00,+3.6386719E+00
+60.0000E-03,+8.0683594E+00,+7.9550781E+00,+3.6386719E+00
+60.3000E-03,+8.0878906E+00,+7.9843750E+00,+3.6386719E+00
+60.6000E-03,+8.1171875E+00,+8.0136719E+00,+3.6386719E+00
+60.9000E-03,+8.1464844E+00,+8.0429688E+00,+3.6386719E+00
+61.2000E-03,+8.1660156E+00,+8.0625000E+00,+3.6386719E+00
+61.5000E-03,+8.1953125E+00,+8.0820313E+00,+3.6386719E+00
+61.8000E-03,+8.2246094E+00,+8.1113281E+00,+3.6386719E+00
+62.1000E-03,+8.2441406E+00,+8.1406250E+00,+3.6445312E+00
+62.4000E-03,+8.2734375E+00,+8.1601563E+00,+3.6386719E+00
+62.7000E-03,+8.2929688E+00,+8.1796875E+00,+3.6328125E+00
+63.0000E-03,+8.3125000E+00,+8.1992188E+00,+3.6386719E+00
+63.3000E-03,+8.3417969E+00,+8.2187500E+00,+3.6386719E+00
+63.6000E-03,+8.3613281E+00,+8.2480469E+00,+3.6445312E+00
+63.9000E-03,+8.3808594E+00,+8.2675781E+00,+3.6386719E+00
+64.2000E-03,+8.4101563E+00,+8.2871094E+00,+3.6386719E+00
+64.5000E-03,+8.4296875E+00,+8.3164063E+00,+3.6386719E+00
+64.8000E-03,+8.4394531E+00,+8.3359375E+00,+3.6386719E+00
+65.1000E-03,+8.4589844E+00,+8.3554688E+00,+3.6386719E+00
+65.4000E-03,+8.4785156E+00,+8.3750000E+00,+3.6445312E+00
+65.7000E-03,+8.4980469E+00,+8.3847656E+00,+3.6386719E+00
+66.0000E-03,+8.5175781E+00,+8.4042969E+00,+3.6386719E+00
+66.3000E-03,+8.5371094E+00,+8.4238281E+00,+3.6386719E+00
+66.6000E-03,+8.5566406E+00,+8.4433594E+00,+3.6386719E+00
+66.9000E-03,+8.5761719E+00,+8.4628906E+00,+3.6386719E+00
+67.2000E-03,+8.5957031E+00,+8.4824219E+00,+3.6386719E+00
+67.5000E-03,+8.6152344E+00,+8.5019531E+00,+3.6386719E+00
+67.8000E-03,+8.6250000E+00,+8.5117188E+00,+3.6445313E+00
+68.1000E-03,+8.6445313E+00,+8.5214844E+00,+3.6445313E+00
+68.4000E-03,+8.6640625E+00,+8.5507813E+00,+3.6386719E+00
+68.7000E-03,+8.6835938E+00,+8.5605469E+00,+3.6386719E+00
+69.0000E-03,+8.7031250E+00,+8.5800781E+00,+3.6386719E+00
+69.3000E-03,+8.7128906E+00,+8.5996094E+00,+3.6386719E+00
+69.6000E-03,+8.7324219E+00,+8.6093750E+00,+3.6445313E+00
+69.9000E-03,+8.7421875E+00,+8.6191406E+00,+3.6386719E+00
+70.2000E-03,+8.7617188E+00,+8.6386719E+00,+3.6386719E+00
+70.5000E-03,+8.7714844E+00,+8.6484375E+00,+3.6386719E+00
+70.8000E-03,+8.7812500E+00,+8.6777344E+00,+3.6386719E+00
+71.1000E-03,+8.8007813E+00,+8.6875000E+00,+3.6386719E+00
+71.4000E-03,+8.8105469E+00,+8.6972656E+00,+3.6386719E+00
+71.7000E-03,+8.8203125E+00,+8.7167969E+00,+3.6386719E+00
+72.0000E-03,+8.8300781E+00,+8.7363281E+00,+3.6386719E+00
+72.3000E-03,+8.8496094E+00,+8.7460938E+00,+3.6328125E+00
+72.6000E-03,+8.8593750E+00,+8.7656250E+00,+3.6328125E+00
+72.9000E-03,+8.8691406E+00,+8.7656250E+00,+3.6386719E+00
+73.2000E-03,+8.8886719E+00,+8.7753906E+00,+3.6445313E+00
+73.5000E-03,+8.8984375E+00,+8.7949219E+00,+3.6386719E+00
+73.8000E-03,+8.9179688E+00,+8.8046875E+00,+3.6386719E+00
+74.1000E-03,+8.9277344E+00,+8.8242188E+00,+3.6386719E+00
+74.4000E-03,+8.9375000E+00,+8.8242188E+00,+3.6386719E+00
+74.7000E-03,+8.9472656E+00,+8.8437500E+00,+3.6386719E+00
+75.0000E-03,+8.9570313E+00,+8.8632813E+00,+3.6328125E+00
+75.3000E-03,+8.9765625E+00,+8.8730469E+00,+3.6328125E+00
+75.6000E-03,+8.9863281E+00,+8.8828125E+00,+3.6386719E+00
+75.9000E-03,+8.9960938E+00,+8.8925781E+00,+3.6328125E+00
+76.2000E-03,+9.0058594E+00,+8.9023438E+00,+3.6445313E+00
+76.5000E-03,+9.0156250E+00,+8.9121094E+00,+3.6386719E+00
+76.8000E-03,+9.0253906E+00,+8.9316406E+00,+3.6386719E+00
+77.1000E-03,+9.0351563E+00,+8.9414063E+00,+3.6386719E+00
+77.4000E-03,+9.0546875E+00,+8.9511719E+00,+3.6386719E+00
+77.7000E-03,+9.0546875E+00,+8.9609375E+00,+3.6386719E+00
+78.0000E-03,+9.0742188E+00,+8.9707031E+00,+3.6386719E+00
+78.3000E-03,+9.0839844E+00,+8.9804688E+00,+3.6445313E+00
+78.6000E-03,+9.0937500E+00,+8.9902344E+00,+3.6386719E+00
+78.9000E-03,+9.0937500E+00,+9.0000000E+00,+3.6386719E+00
+79.2000E-03,+9.1132813E+00,+9.0097656E+00,+3.6328125E+00
+79.5000E-03,+9.1132813E+00,+9.0195313E+00,+3.6386719E+00
+79.8000E-03,+9.1328125E+00,+9.0292969E+00,+3.6386719E+00
+80.1000E-03,+9.1328125E+00,+9.0390625E+00,+3.6445313E+00
+80.4000E-03,+9.1523438E+00,+9.0488281E+00,+3.6386719E+00
+80.7000E-03,+9.1621094E+00,+9.0585938E+00,+3.6445313E+00
+81.0000E-03,+9.1718750E+00,+9.0683594E+00,+3.6386719E+00
+81.3000E-03,+9.1816406E+00,+9.0781250E+00,+3.6503906E+00
+81.6000E-03,+9.1816406E+00,+9.0878906E+00,+3.6445313E+00
+81.9000E-03,+9.2011719E+00,+9.0976563E+00,+3.6445313E+00
+82.2000E-03,+9.2109375E+00,+9.1074219E+00,+3.6445313E+00
+82.5000E-03,+9.2207031E+00,+9.1171875E+00,+3.6445313E+00
+82.8000E-03,+9.2304688E+00,+9.1269531E+00,+3.6445313E+00
+83.1000E-03,+9.2304688E+00,+9.1367188E+00,+3.6386719E+00
+83.4000E-03,+9.2500000E+00,+9.1464844E+00,+3.6386719E+00
+83.7000E-03,+9.2500000E+00,+9.1562500E+00,+3.6386719E+00
+84.0000E-03,+9.2695313E+00,+9.1562500E+00,+3.6386719E+00
+84.3000E-03,+9.2695313E+00,+9.1660156E+00,+3.6386719E+00
+84.6000E-03,+9.2792969E+00,+9.1757813E+00,+3.6386719E+00
+84.9000E-03,+9.2792969E+00,+9.1855469E+00,+3.6386719E+00
+85.2000E-03,+9.2890625E+00,+9.1953125E+00,+3.6386719E+00
+85.5000E-03,+9.2988281E+00,+9.2050781E+00,+3.6445313E+00
+85.8000E-03,+9.3085938E+00,+9.2050781E+00,+3.6445313E+00
+86.1000E-03,+9.3183594E+00,+9.2148438E+00,+3.6386719E+00
+86.4000E-03,+9.3183594E+00,+9.2246094E+00,+3.6386719E+00
+86.7000E-03,+9.3378906E+00,+9.2343750E+00,+3.6386719E+00
+87.0000E-03,+9.3378906E+00,+9.2343750E+00,+3.6445313E+00
+87.3000E-03,+9.3476563E+00,+9.2441406E+00,+3.6445313E+00
+87.6000E-03,+9.3476563E+00,+9.2539063E+00,+3.6445313E+00
+87.9000E-03,+9.3574219E+00,+9.2539063E+00,+3.6445313E+00
+88.2000E-03,+9.3574219E+00,+9.2636719E+00,+3.6386719E+00
+88.5000E-03,+9.3671875E+00,+9.2734375E+00,+3.6386719E+00
+88.8000E-03,+9.3769531E+00,+9.2734375E+00,+3.6386719E+00
+89.1000E-03,+9.3769531E+00,+9.2929687E+00,+3.6445313E+00
+89.4000E-03,+9.3867187E+00,+9.2929688E+00,+3.6445313E+00
+89.7000E-03,+9.3964844E+00,+9.3027344E+00,+3.6445313E+00
+90.0000E-03,+9.3964844E+00,+9.3027344E+00,+3.6386719E+00
+90.3000E-03,+9.4062500E+00,+9.3125000E+00,+3.6386719E+00
+90.6000E-03,+9.4160156E+00,+9.3222656E+00,+3.6386719E+00
+90.9000E-03,+9.4160156E+00,+9.3222656E+00,+3.6386719E+00
+91.2000E-03,+9.4257812E+00,+9.3222656E+00,+3.6386719E+00
+91.5000E-03,+9.4257813E+00,+9.3417969E+00,+3.6445313E+00
+91.8000E-03,+9.4257813E+00,+9.3417969E+00,+3.6445313E+00
+92.1000E-03,+9.4355469E+00,+9.3417969E+00,+3.6386719E+00
+92.4000E-03,+9.4355469E+00,+9.3515625E+00,+3.6445313E+00
+92.7000E-03,+9.4453125E+00,+9.3515625E+00,+3.6503906E+00
+93.0000E-03,+9.4453125E+00,+9.3515625E+00,+3.6445313E+00
+93.3000E-03,+9.4550781E+00,+9.3613281E+00,+3.6445313E+00
+93.6000E-03,+9.4648437E+00,+9.3710937E+00,+3.6445313E+00
+93.9000E-03,+9.4648438E+00,+9.3808594E+00,+3.6445313E+00
+94.2000E-03,+9.4648438E+00,+9.3808594E+00,+3.6503906E+00
+94.5000E-03,+9.4648438E+00,+9.3906250E+00,+3.6445313E+00
+94.8000E-03,+9.4746094E+00,+9.3906250E+00,+3.6445313E+00
+95.1000E-03,+9.4843750E+00,+9.3906250E+00,+3.6445313E+00
+95.4000E-03,+9.4843750E+00,+9.3906250E+00,+3.6503906E+00
+95.7000E-03,+9.4941406E+00,+9.4003906E+00,+3.6445313E+00
+96.0000E-03,+9.4941406E+00,+9.4101562E+00,+3.6386719E+00
+96.3000E-03,+9.5039062E+00,+9.4199219E+00,+3.6503906E+00
+96.6000E-03,+9.5039063E+00,+9.4199219E+00,+3.6445313E+00
+96.9000E-03,+9.5136719E+00,+9.4199219E+00,+3.6503906E+00
+97.2000E-03,+9.5234375E+00,+9.4296875E+00,+3.6445313E+00
+97.5000E-03,+9.5136719E+00,+9.4296875E+00,+3.6445313E+00
+97.8000E-03,+9.5234375E+00,+9.4394531E+00,+3.6445313E+00
+98.1000E-03,+9.5332031E+00,+9.4394531E+00,+3.6503906E+00
+98.4000E-03,+9.5332031E+00,+9.4394531E+00,+3.6445313E+00
+98.7000E-03,+9.5332031E+00,+9.4492187E+00,+3.6445313E+00
+99.0000E-03,+9.5332031E+00,+9.4492188E+00,+3.6445313E+00
+99.3000E-03,+9.5527344E+00,+9.4589844E+00,+3.6445313E+00
+99.6000E-03,+9.5527344E+00,+9.4589844E+00,+3.6445313E+00
+99.9000E-03,+9.5527344E+00,+9.4589844E+00,+3.6445313E+00
+100.2000E-03,+9.5625000E+00,+9.4687500E+00,+3.6503906E+00
+100.5000E-03,+9.5527344E+00,+9.4785156E+00,+3.6503906E+00
+100.8000E-03,+9.5625000E+00,+9.4785156E+00,+3.6503906E+00
+101.1000E-03,+9.5722656E+00,+9.4785156E+00,+3.6503906E+00
+101.4000E-03,+9.5820312E+00,+9.4785156E+00,+3.6503906E+00
+101.7000E-03,+9.5722656E+00,+9.4785156E+00,+3.6445313E+00
+102.0000E-03,+9.5820312E+00,+9.4882812E+00,+3.6445313E+00
+102.3000E-03,+9.5820313E+00,+9.4980469E+00,+3.6445313E+00
+102.6000E-03,+9.5917969E+00,+9.4980469E+00,+3.6386719E+00
+102.9000E-03,+9.5820313E+00,+9.4980469E+00,+3.6445312E+00
+103.2000E-03,+9.5917969E+00,+9.4980469E+00,+3.6445313E+00
+103.5000E-03,+9.6015625E+00,+9.4980469E+00,+3.6445313E+00
+103.8000E-03,+9.5917969E+00,+9.5078125E+00,+3.6445313E+00
+104.1000E-03,+9.6015625E+00,+9.5078125E+00,+3.6386719E+00
+104.4000E-03,+9.6015625E+00,+9.5175781E+00,+3.6445312E+00
+104.7000E-03,+9.6015625E+00,+9.5175781E+00,+3.6445313E+00
+105.0000E-03,+9.6113281E+00,+9.5175781E+00,+3.6445313E+00
+105.3000E-03,+9.6113281E+00,+9.5175781E+00,+3.6445313E+00
+105.6000E-03,+9.6210937E+00,+9.5175781E+00,+3.6445313E+00
+105.9000E-03,+9.6210938E+00,+9.5175781E+00,+3.6386719E+00
+106.2000E-03,+9.6210938E+00,+9.5371094E+00,+3.6445312E+00
+106.5000E-03,+9.6210938E+00,+9.5371094E+00,+3.6445313E+00
+106.8000E-03,+9.6210938E+00,+9.5371094E+00,+3.6386719E+00
+107.1000E-03,+9.6308594E+00,+9.5371094E+00,+3.6386719E+00
+107.4000E-03,+9.6308594E+00,+9.5371094E+00,+3.6386719E+00
+107.7000E-03,+9.6308594E+00,+9.5371094E+00,+3.6445312E+00
+108.0000E-03,+9.6406250E+00,+9.5371094E+00,+3.6445313E+00
+108.3000E-03,+9.6406250E+00,+9.5468750E+00,+3.6445313E+00
+108.6000E-03,+9.6406250E+00,+9.5468750E+00,+3.6445313E+00
+108.9000E-03,+9.6406250E+00,+9.5566406E+00,+3.6445313E+00
+109.2000E-03,+9.6503906E+00,+9.5468750E+00,+3.6445313E+00
+109.5000E-03,+9.6503906E+00,+9.5566406E+00,+3.6445313E+00
+109.8000E-03,+9.6503906E+00,+9.5566406E+00,+3.6445313E+00
+110.1000E-03,+9.6503906E+00,+9.5566406E+00,+3.6445313E+00
+110.4000E-03,+9.6503906E+00,+9.5664062E+00,+3.6445313E+00
+110.7000E-03,+9.6601562E+00,+9.5664063E+00,+3.6445313E+00
+111.0000E-03,+9.6601563E+00,+9.5664063E+00,+3.6445313E+00
+111.3000E-03,+9.6601563E+00,+9.5664063E+00,+3.6386719E+00
+111.6000E-03,+9.6699219E+00,+9.5761719E+00,+3.6445312E+00
+111.9000E-03,+9.6699219E+00,+9.5664063E+00,+3.6445313E+00
+112.2000E-03,+9.6699219E+00,+9.5761719E+00,+3.6386719E+00
+112.5000E-03,+9.6699219E+00,+9.5859375E+00,+3.6328125E+00
+112.8000E-03,+9.6796875E+00,+9.5859375E+00,+3.6386719E+00
+113.1000E-03,+9.6699219E+00,+9.5761719E+00,+3.6445312E+00
+113.4000E-03,+9.6796875E+00,+9.5859375E+00,+3.6445313E+00
+113.7000E-03,+9.6796875E+00,+9.5859375E+00,+3.6386719E+00
+114.0000E-03,+9.6796875E+00,+9.5859375E+00,+3.6445312E+00
+114.3000E-03,+9.6894531E+00,+9.5957031E+00,+3.6503906E+00
+114.6000E-03,+9.6894531E+00,+9.6054687E+00,+3.6445313E+00
+114.9000E-03,+9.6894531E+00,+9.6054688E+00,+3.6445313E+00
+115.2000E-03,+9.6894531E+00,+9.6054688E+00,+3.6386719E+00
+115.5000E-03,+9.6894531E+00,+9.6054688E+00,+3.6445312E+00
+115.8000E-03,+9.6894531E+00,+9.6054688E+00,+3.6445313E+00
+116.1000E-03,+9.6992187E+00,+9.5957031E+00,+3.6445313E+00
+116.4000E-03,+9.6992188E+00,+9.6054687E+00,+3.6503906E+00
+116.7000E-03,+9.6992188E+00,+9.6152344E+00,+3.6503906E+00
+117.0000E-03,+9.6992188E+00,+9.6152344E+00,+3.6503906E+00
+117.3000E-03,+9.6992188E+00,+9.6152344E+00,+3.6445313E+00
+117.6000E-03,+9.7089844E+00,+9.6152344E+00,+3.6503906E+00
+117.9000E-03,+9.6992188E+00,+9.6152344E+00,+3.6445313E+00
+118.2000E-03,+9.7089844E+00,+9.6250000E+00,+3.6445313E+00
+118.5000E-03,+9.7089844E+00,+9.6250000E+00,+3.6445313E+00
+118.8000E-03,+9.7089844E+00,+9.6250000E+00,+3.6445313E+00
+119.1000E-03,+9.7089844E+00,+9.6250000E+00,+3.6445313E+00
+119.4000E-03,+9.7089844E+00,+9.6347656E+00,+3.6386719E+00
+119.7000E-03,+9.7089844E+00,+9.6250000E+00,+3.6445312E+00
+120.0000E-03,+9.7089844E+00,+9.6347656E+00,+3.6445313E+00
+120.3000E-03,+9.7187500E+00,+9.6347656E+00,+3.6445313E+00
+120.6000E-03,+9.7187500E+00,+9.6347656E+00,+3.6445313E+00
+120.9000E-03,+9.7187500E+00,+9.6445312E+00,+3.6386719E+00
+121.2000E-03,+9.7187500E+00,+9.6445313E+00,+3.6445312E+00
+121.5000E-03,+9.7187500E+00,+9.6445313E+00,+3.6445313E+00
+121.8000E-03,+9.7285156E+00,+9.6347656E+00,+3.6445313E+00
+122.1000E-03,+9.7285156E+00,+9.6445312E+00,+3.6445313E+00
+122.4000E-03,+9.7285156E+00,+9.6445313E+00,+3.6503906E+00
+122.7000E-03,+9.7285156E+00,+9.6445313E+00,+3.6445313E+00
+123.0000E-03,+9.7285156E+00,+9.6445313E+00,+3.6445313E+00
+123.3000E-03,+9.7382812E+00,+9.6445313E+00,+3.6445313E+00
+123.6000E-03,+9.7285156E+00,+9.6542969E+00,+3.6445313E+00
+123.9000E-03,+9.7382812E+00,+9.6542969E+00,+3.6445313E+00
+124.2000E-03,+9.7285156E+00,+9.6542969E+00,+3.6445313E+00
+124.5000E-03,+9.7382812E+00,+9.6542969E+00,+3.6445313E+00
+124.8000E-03,+9.7382813E+00,+9.6542969E+00,+3.6445313E+00
+125.1000E-03,+9.7382813E+00,+9.6542969E+00,+3.6503906E+00
+125.4000E-03,+9.7382813E+00,+9.6542969E+00,+3.6503906E+00
+125.7000E-03,+9.7382813E+00,+9.6542969E+00,+3.6503906E+00
+126.0000E-03,+9.7480469E+00,+9.6640625E+00,+3.6503906E+00
+126.3000E-03,+9.7382813E+00,+9.6640625E+00,+3.6445313E+00
+126.6000E-03,+9.7480469E+00,+9.6640625E+00,+3.6503906E+00
+126.9000E-03,+9.7480469E+00,+9.6640625E+00,+3.6562500E+00
+127.2000E-03,+9.7480469E+00,+9.6640625E+00,+3.6503906E+00
+127.5000E-03,+9.7480469E+00,+9.6738281E+00,+3.6503906E+00
+127.8000E-03,+9.7382813E+00,+9.6738281E+00,+3.6503906E+00
+128.1000E-03,+9.7480469E+00,+9.6738281E+00,+3.6562500E+00
+128.4000E-03,+9.7480469E+00,+9.6738281E+00,+3.6503906E+00
+128.7000E-03,+9.7480469E+00,+9.6738281E+00,+3.6445313E+00
+129.0000E-03,+9.7480469E+00,+9.6738281E+00,+3.6503906E+00
+129.3000E-03,+9.7480469E+00,+9.6738281E+00,+3.6445313E+00
+129.6000E-03,+9.7578125E+00,+9.6738281E+00,+3.6503906E+00
+129.9000E-03,+9.7480469E+00,+9.6738281E+00,+3.6445313E+00
+130.2000E-03,+9.7578125E+00,+9.6738281E+00,+3.6445313E+00
+130.5000E-03,+9.7578125E+00,+9.6738281E+00,+3.6386719E+00
+130.8000E-03,+9.7578125E+00,+9.6738281E+00,+3.6445312E+00
+131.1000E-03,+9.7578125E+00,+9.6640625E+00,+3.6445313E+00
+131.4000E-03,+9.7578125E+00,+9.6738281E+00,+3.6445313E+00
+131.7000E-03,+9.7480469E+00,+9.6738281E+00,+3.6445313E+00
+132.0000E-03,+9.7578125E+00,+9.6738281E+00,+3.6445313E+00
+132.3000E-03,+9.7578125E+00,+9.6738281E+00,+3.6445313E+00
+132.6000E-03,+9.7578125E+00,+9.6738281E+00,+3.6386719E+00
+132.9000E-03,+9.7578125E+00,+9.6738281E+00,+3.6445312E+00
+133.2000E-03,+9.7675781E+00,+9.6738281E+00,+3.6445313E+00
+133.5000E-03,+9.7675781E+00,+9.6738281E+00,+3.6386719E+00
+133.8000E-03,+9.7675781E+00,+9.6738281E+00,+3.6386719E+00
+134.1000E-03,+9.7675781E+00,+9.6738281E+00,+3.6386719E+00
+134.4000E-03,+9.7675781E+00,+9.6835937E+00,+3.6445312E+00
+134.7000E-03,+9.7675781E+00,+9.6835938E+00,+3.6386719E+00
+135.0000E-03,+9.7675781E+00,+9.6835938E+00,+3.6386719E+00
+135.3000E-03,+9.7675781E+00,+9.6835938E+00,+3.6328125E+00
+135.6000E-03,+9.7675781E+00,+9.6835938E+00,+3.6328125E+00
+135.9000E-03,+9.7675781E+00,+9.6835938E+00,+3.6386719E+00
+136.2000E-03,+9.7675781E+00,+9.6738281E+00,+3.6386719E+00
+136.5000E-03,+9.7675781E+00,+9.6835937E+00,+3.6386719E+00
+136.8000E-03,+9.7675781E+00,+9.6835938E+00,+3.6386719E+00
+137.1000E-03,+9.7773437E+00,+9.6835938E+00,+3.6386719E+00
+137.4000E-03,+9.7773438E+00,+9.6835938E+00,+3.6328125E+00
+137.7000E-03,+9.7675781E+00,+9.6835938E+00,+3.6328125E+00
+138.0000E-03,+9.7773437E+00,+9.6835938E+00,+3.6386719E+00
+138.3000E-03,+9.7773438E+00,+9.6835938E+00,+3.6328125E+00
+138.6000E-03,+9.7773438E+00,+9.6835938E+00,+3.6386719E+00
+138.9000E-03,+9.7675781E+00,+9.6933594E+00,+3.6386719E+00
+139.2000E-03,+9.7773437E+00,+9.6933594E+00,+3.6386719E+00
+139.5000E-03,+9.7773438E+00,+9.6835938E+00,+3.6328125E+00
+139.8000E-03,+9.7773438E+00,+9.6835938E+00,+3.6386719E+00
+140.1000E-03,+9.7773438E+00,+9.6933594E+00,+3.6386719E+00
+140.4000E-03,+9.7675781E+00,+9.6933594E+00,+3.6328125E+00
+140.7000E-03,+9.7773437E+00,+9.6933594E+00,+3.6328125E+00
+141.0000E-03,+9.7871094E+00,+9.6933594E+00,+3.6328125E+00
+141.3000E-03,+9.7773438E+00,+9.6835938E+00,+3.6386719E+00
+141.6000E-03,+9.7773438E+00,+9.6933594E+00,+3.6386719E+00
+141.9000E-03,+9.7773438E+00,+9.6933594E+00,+3.6328125E+00
+142.2000E-03,+9.7773438E+00,+9.6933594E+00,+3.6328125E+00
+142.5000E-03,+9.7773438E+00,+9.6835938E+00,+3.6328125E+00
+142.8000E-03,+9.7773438E+00,+9.6933594E+00,+3.6386719E+00
+143.1000E-03,+9.7871094E+00,+9.6933594E+00,+3.6328125E+00
+143.4000E-03,+9.7773438E+00,+9.6933594E+00,+3.6328125E+00
+143.7000E-03,+9.7773438E+00,+9.7031250E+00,+3.6328125E+00
+144.0000E-03,+9.7871094E+00,+9.6933594E+00,+3.6328125E+00
+144.3000E-03,+9.7871094E+00,+9.7031250E+00,+3.6386719E+00
+144.6000E-03,+9.7871094E+00,+9.7031250E+00,+3.6328125E+00
+144.9000E-03,+9.7871094E+00,+9.7031250E+00,+3.6328125E+00
+145.2000E-03,+9.7968750E+00,+9.6933594E+00,+3.6328125E+00
+145.5000E-03,+9.7871094E+00,+9.7031250E+00,+3.6328125E+00
+145.8000E-03,+9.7871094E+00,+9.7031250E+00,+3.6386719E+00
+146.1000E-03,+9.7871094E+00,+9.7031250E+00,+3.6386719E+00
+146.4000E-03,+9.7871094E+00,+9.7031250E+00,+3.6445312E+00
+146.7000E-03,+9.7871094E+00,+9.7031250E+00,+3.6328125E+00
+147.0000E-03,+9.7871094E+00,+9.7031250E+00,+3.6328125E+00
+147.3000E-03,+9.7968750E+00,+9.7031250E+00,+3.6328125E+00
+147.6000E-03,+9.7968750E+00,+9.7031250E+00,+3.6328125E+00
+147.9000E-03,+9.7968750E+00,+9.7031250E+00,+3.6328125E+00
+148.2000E-03,+9.7871094E+00,+9.6933594E+00,+3.6328125E+00
+148.5000E-03,+9.7871094E+00,+9.7031250E+00,+3.6328125E+00
+148.8000E-03,+9.7871094E+00,+9.7031250E+00,+3.6328125E+00
+149.1000E-03,+9.7968750E+00,+9.7031250E+00,+3.6269531E+00
+149.4000E-03,+9.7968750E+00,+9.6933594E+00,+3.6269531E+00
+149.7000E-03,+9.7871094E+00,+9.7031250E+00,+3.6328125E+00
+150.0000E-03,+9.7968750E+00,+9.7031250E+00,+3.6328125E+00
+150.3000E-03,+9.7871094E+00,+9.7031250E+00,+3.6269531E+00
+150.6000E-03,+9.7871094E+00,+9.7031250E+00,+3.6269531E+00
+150.9000E-03,+9.7968750E+00,+9.7031250E+00,+3.6269531E+00
+151.2000E-03,+9.7968750E+00,+9.6933594E+00,+3.6269531E+00
+151.5000E-03,+9.7871094E+00,+9.7031250E+00,+3.6328125E+00
+151.8000E-03,+9.7871094E+00,+9.7031250E+00,+3.6328125E+00
+152.1000E-03,+9.7871094E+00,+9.7031250E+00,+3.6386719E+00
+152.4000E-03,+9.7871094E+00,+9.7031250E+00,+3.6328125E+00
+152.7000E-03,+9.7968750E+00,+9.7031250E+00,+3.6386719E+00
+153.0000E-03,+9.7968750E+00,+9.7031250E+00,+3.6386719E+00
+153.3000E-03,+9.7968750E+00,+9.7031250E+00,+3.6386719E+00
+153.6000E-03,+9.7968750E+00,+9.7031250E+00,+3.6328125E+00
+153.9000E-03,+9.7968750E+00,+9.7031250E+00,+3.6386719E+00
+154.2000E-03,+9.7968750E+00,+9.7031250E+00,+3.6386719E+00
+154.5000E-03,+9.7968750E+00,+9.7031250E+00,+3.6386719E+00
+154.8000E-03,+9.7871094E+00,+9.7031250E+00,+3.6328125E+00
+155.1000E-03,+9.7968750E+00,+9.7031250E+00,+3.6328125E+00
+155.4000E-03,+9.7968750E+00,+9.7031250E+00,+3.6328125E+00
+155.7000E-03,+9.7968750E+00,+9.7031250E+00,+3.6328125E+00
+156.0000E-03,+9.7871094E+00,+9.7031250E+00,+3.6328125E+00
+156.3000E-03,+9.7968750E+00,+9.7031250E+00,+3.6328125E+00
+156.6000E-03,+9.7968750E+00,+9.7031250E+00,+3.6328125E+00
+156.9000E-03,+9.7968750E+00,+9.7128906E+00,+3.6328125E+00
+157.2000E-03,+9.7968750E+00,+9.7128906E+00,+3.6328125E+00
+157.5000E-03,+9.7968750E+00,+9.7031250E+00,+3.6328125E+00
+157.8000E-03,+9.7968750E+00,+9.7031250E+00,+3.6386719E+00
+158.1000E-03,+9.7968750E+00,+9.7128906E+00,+3.6386719E+00
+158.4000E-03,+9.7968750E+00,+9.7128906E+00,+3.6328125E+00
+158.7000E-03,+9.7968750E+00,+9.7128906E+00,+3.6328125E+00
+159.0000E-03,+9.7968750E+00,+9.7128906E+00,+3.6328125E+00
+159.3000E-03,+9.7968750E+00,+9.7128906E+00,+3.6328125E+00
+159.6000E-03,+9.7968750E+00,+9.7031250E+00,+3.6386719E+00
+159.9000E-03,+9.7968750E+00,+9.7031250E+00,+3.6386719E+00
+160.2000E-03,+9.7968750E+00,+9.7031250E+00,+3.6386719E+00
+160.5000E-03,+9.8066406E+00,+9.7031250E+00,+3.6386719E+00
+160.8000E-03,+9.8066406E+00,+9.7128906E+00,+3.6386719E+00
+161.1000E-03,+9.7968750E+00,+9.7128906E+00,+3.6386719E+00
+161.4000E-03,+9.8066406E+00,+9.7128906E+00,+3.6386719E+00
+161.7000E-03,+9.7968750E+00,+9.7128906E+00,+3.6386719E+00
+162.0000E-03,+9.8066406E+00,+9.7128906E+00,+3.6386719E+00
+162.3000E-03,+9.7968750E+00,+9.7128906E+00,+3.6386719E+00
+162.6000E-03,+9.7968750E+00,+9.7128906E+00,+3.6328125E+00
+162.9000E-03,+9.8066406E+00,+9.7128906E+00,+3.6328125E+00
+163.2000E-03,+9.8066406E+00,+9.7226562E+00,+3.6386719E+00
+163.5000E-03,+9.8066406E+00,+9.7226563E+00,+3.6386719E+00
+163.8000E-03,+9.7968750E+00,+9.7128906E+00,+3.6386719E+00
+164.1000E-03,+9.7968750E+00,+9.7128906E+00,+3.6386719E+00
+164.4000E-03,+9.7968750E+00,+9.7128906E+00,+3.6386719E+00
+164.7000E-03,+9.8066406E+00,+9.7128906E+00,+3.6386719E+00
+165.0000E-03,+9.8066406E+00,+9.7226562E+00,+3.6386719E+00
+165.3000E-03,+9.7968750E+00,+9.7226563E+00,+3.6386719E+00
+165.6000E-03,+9.8066406E+00,+9.7226563E+00,+3.6386719E+00
+165.9000E-03,+9.8066406E+00,+9.7226563E+00,+3.6386719E+00
+166.2000E-03,+9.8066406E+00,+9.7226563E+00,+3.6386719E+00
+166.5000E-03,+9.8066406E+00,+9.7128906E+00,+3.6328125E+00
+166.8000E-03,+9.8066406E+00,+9.7226562E+00,+3.6445312E+00
+167.1000E-03,+9.8066406E+00,+9.7226563E+00,+3.6445313E+00
+167.4000E-03,+9.8066406E+00,+9.7226563E+00,+3.6445313E+00
+167.7000E-03,+9.7968750E+00,+9.7226563E+00,+3.6445313E+00
+168.0000E-03,+9.7968750E+00,+9.7226563E+00,+3.6386719E+00
+168.3000E-03,+9.8066406E+00,+9.7226563E+00,+3.6386719E+00
+168.6000E-03,+9.7968750E+00,+9.7226563E+00,+3.6445312E+00
+168.9000E-03,+9.8066406E+00,+9.7226563E+00,+3.6445313E+00
+169.2000E-03,+9.8066406E+00,+9.7226563E+00,+3.6445313E+00
+169.5000E-03,+9.8066406E+00,+9.7226563E+00,+3.6386719E+00
+169.8000E-03,+9.7968750E+00,+9.7226563E+00,+3.6445312E+00
+170.1000E-03,+9.8066406E+00,+9.7226563E+00,+3.6386719E+00
+170.4000E-03,+9.7968750E+00,+9.7226563E+00,+3.6445312E+00
+170.7000E-03,+9.8066406E+00,+9.7226563E+00,+3.6386719E+00
+171.0000E-03,+9.8066406E+00,+9.7226563E+00,+3.6386719E+00
+171.3000E-03,+9.7968750E+00,+9.7226563E+00,+3.6386719E+00
+171.6000E-03,+9.8066406E+00,+9.7226563E+00,+3.6386719E+00
+171.9000E-03,+9.8066406E+00,+9.7226563E+00,+3.6503906E+00
+172.2000E-03,+9.8066406E+00,+9.7226563E+00,+3.6503906E+00
+172.5000E-03,+9.8066406E+00,+9.7226563E+00,+3.6445313E+00
+172.8000E-03,+9.8066406E+00,+9.7226563E+00,+3.6386719E+00
+173.1000E-03,+9.8066406E+00,+9.7226563E+00,+3.6445312E+00
+173.4000E-03,+9.8066406E+00,+9.7226563E+00,+3.6503906E+00
+173.7000E-03,+9.8066406E+00,+9.7324219E+00,+3.6445313E+00
+174.0000E-03,+9.8066406E+00,+9.7226563E+00,+3.6445313E+00
+174.3000E-03,+9.8066406E+00,+9.7226563E+00,+3.6445313E+00
+174.6000E-03,+9.8066406E+00,+9.7226563E+00,+3.6445313E+00
+174.9000E-03,+9.8066406E+00,+9.7226563E+00,+3.6445313E+00
+175.2000E-03,+9.8066406E+00,+9.7226563E+00,+3.6503906E+00
+175.5000E-03,+9.8066406E+00,+9.7128906E+00,+3.6445313E+00
+175.8000E-03,+9.8164062E+00,+9.7226562E+00,+3.6445313E+00
+176.1000E-03,+9.8066406E+00,+9.7226563E+00,+3.6445313E+00
+176.4000E-03,+9.8164062E+00,+9.7226563E+00,+3.6445313E+00
+176.7000E-03,+9.8164063E+00,+9.7324219E+00,+3.6445313E+00
+177.0000E-03,+9.8164063E+00,+9.7226563E+00,+3.6445313E+00
+177.3000E-03,+9.8066406E+00,+9.7128906E+00,+3.6445313E+00
+177.6000E-03,+9.8066406E+00,+9.7226562E+00,+3.6386719E+00
+177.9000E-03,+9.8066406E+00,+9.7226563E+00,+3.6445312E+00
+178.2000E-03,+9.8164062E+00,+9.7324219E+00,+3.6445313E+00
+178.5000E-03,+9.8066406E+00,+9.7324219E+00,+3.6445313E+00
+178.8000E-03,+9.8066406E+00,+9.7324219E+00,+3.6386719E+00
+179.1000E-03,+9.8164062E+00,+9.7226563E+00,+3.6386719E+00
+179.4000E-03,+9.8066406E+00,+9.7226563E+00,+3.6386719E+00
+179.7000E-03,+9.8066406E+00,+9.7226563E+00,+3.6386719E+00
+180.0000E-03,+9.8164062E+00,+9.7324219E+00,+3.6445312E+00
+180.3000E-03,+9.8164063E+00,+9.7324219E+00,+3.6445313E+00
+180.6000E-03,+9.8164063E+00,+9.7226563E+00,+3.6445313E+00
+180.9000E-03,+9.8066406E+00,+9.7226563E+00,+3.6445313E+00
+181.2000E-03,+9.8066406E+00,+9.7226563E+00,+3.6386719E+00
+181.5000E-03,+9.8066406E+00,+9.7324219E+00,+3.6445312E+00
+181.8000E-03,+9.8164062E+00,+9.7324219E+00,+3.6445313E+00
+182.1000E-03,+9.8164063E+00,+9.7226563E+00,+3.6445313E+00
+182.4000E-03,+9.8164063E+00,+9.7226563E+00,+3.6386719E+00
+182.7000E-03,+9.8066406E+00,+9.7226563E+00,+3.6386719E+00
+183.0000E-03,+9.8164062E+00,+9.7226563E+00,+3.6445312E+00
+183.3000E-03,+9.8164063E+00,+9.7226563E+00,+3.6386719E+00
+183.6000E-03,+9.8066406E+00,+9.7226563E+00,+3.6386719E+00
+183.9000E-03,+9.8164062E+00,+9.7226563E+00,+3.6445312E+00
+184.2000E-03,+9.8066406E+00,+9.7324219E+00,+3.6445313E+00
+184.5000E-03,+9.8164062E+00,+9.7324219E+00,+3.6445313E+00
+184.8000E-03,+9.8066406E+00,+9.7226563E+00,+3.6386719E+00
+185.1000E-03,+9.8164062E+00,+9.7226563E+00,+3.6386719E+00
+185.4000E-03,+9.8066406E+00,+9.7226563E+00,+3.6386719E+00
+185.7000E-03,+9.8164062E+00,+9.7226563E+00,+3.6503906E+00
+186.0000E-03,+9.8164063E+00,+9.7324219E+00,+3.6503906E+00
+186.3000E-03,+9.8164063E+00,+9.7226563E+00,+3.6445313E+00
+186.6000E-03,+9.8164063E+00,+9.7226563E+00,+3.6386719E+00
+186.9000E-03,+9.8164063E+00,+9.7226563E+00,+3.6386719E+00
+187.2000E-03,+9.8164063E+00,+9.7226563E+00,+3.6445312E+00
+187.5000E-03,+9.8164063E+00,+9.7226563E+00,+3.6386719E+00
+187.8000E-03,+9.8164063E+00,+9.7226563E+00,+3.6386719E+00
+188.1000E-03,+9.8164063E+00,+9.7226563E+00,+3.6445312E+00
+188.4000E-03,+9.8164063E+00,+9.7324219E+00,+3.6386719E+00
+188.7000E-03,+9.8164063E+00,+9.7324219E+00,+3.6445312E+00
+189.0000E-03,+9.8164063E+00,+9.7324219E+00,+3.6445313E+00
+189.3000E-03,+9.8066406E+00,+9.7324219E+00,+3.6386719E+00
+189.6000E-03,+9.8164062E+00,+9.7226563E+00,+3.6386719E+00
+189.9000E-03,+9.8066406E+00,+9.7226563E+00,+3.6386719E+00
+190.2000E-03,+9.8164062E+00,+9.7324219E+00,+3.6445312E+00
+190.5000E-03,+9.8164063E+00,+9.7226563E+00,+3.6445313E+00
+190.8000E-03,+9.8066406E+00,+9.7324219E+00,+3.6445313E+00
+191.1000E-03,+9.8164062E+00,+9.7324219E+00,+3.6445313E+00
+191.4000E-03,+9.8066406E+00,+9.7226563E+00,+3.6445313E+00
+191.7000E-03,+9.8066406E+00,+9.7226563E+00,+3.6445313E+00
+192.0000E-03,+9.8164062E+00,+9.7226563E+00,+3.6445313E+00
+192.3000E-03,+9.8066406E+00,+9.7324219E+00,+3.6445313E+00
+192.6000E-03,+9.8164062E+00,+9.7226563E+00,+3.6386719E+00
+192.9000E-03,+9.8164063E+00,+9.7226563E+00,+3.6386719E+00
+193.2000E-03,+9.8164063E+00,+9.7226563E+00,+3.6386719E+00
+193.5000E-03,+9.8164063E+00,+9.7324219E+00,+3.6503906E+00
+193.8000E-03,+9.8164063E+00,+9.7226563E+00,+3.6386719E+00
+194.1000E-03,+9.8164063E+00,+9.7226563E+00,+3.6445312E+00
+194.4000E-03,+9.8066406E+00,+9.7324219E+00,+3.6386719E+00
+194.7000E-03,+9.8066406E+00,+9.7324219E+00,+3.6386719E+00
+195.0000E-03,+9.8164062E+00,+9.7324219E+00,+3.6445312E+00
+195.3000E-03,+9.8164063E+00,+9.7324219E+00,+3.6445313E+00
+195.6000E-03,+9.8066406E+00,+9.7226563E+00,+3.6445313E+00
+195.9000E-03,+9.8164062E+00,+9.7226563E+00,+3.6445313E+00
+196.2000E-03,+9.8066406E+00,+9.7226563E+00,+3.6445313E+00
+196.5000E-03,+9.8066406E+00,+9.7226563E+00,+3.6445313E+00
+196.8000E-03,+9.8066406E+00,+9.7226563E+00,+3.6445313E+00
+197.1000E-03,+9.8066406E+00,+9.7324219E+00,+3.6445313E+00
+197.4000E-03,+9.8066406E+00,+9.7324219E+00,+3.6445313E+00
+197.7000E-03,+9.8066406E+00,+9.7324219E+00,+3.6445313E+00
+198.0000E-03,+9.8164062E+00,+9.7226563E+00,+3.6445313E+00
+198.3000E-03,+9.8066406E+00,+9.7324219E+00,+3.6386719E+00
+198.6000E-03,+9.8164062E+00,+9.7324219E+00,+3.6386719E+00
+198.9000E-03,+9.8164063E+00,+9.7226563E+00,+3.6445312E+00
+199.2000E-03,+9.8164063E+00,+9.7324219E+00,+3.6386719E+00
+199.5000E-03,+9.8164063E+00,+9.7226563E+00,+3.6445312E+00
+199.8000E-03,+9.8164063E+00,+9.7226563E+00,+3.6445313E+00
+200.1000E-03,+9.8164063E+00,+9.7226563E+00,+3.6445313E+00
+200.4000E-03,+9.8164063E+00,+9.7226563E+00,+3.6445313E+00
+200.7000E-03,+9.8164063E+00,+9.7324219E+00,+3.6445313E+00
+201.0000E-03,+9.8164063E+00,+9.7324219E+00,+3.6445313E+00
+201.3000E-03,+9.8066406E+00,+9.7324219E+00,+3.6445313E+00
+201.6000E-03,+9.8066406E+00,+9.7324219E+00,+3.6445313E+00
+201.9000E-03,+9.8164062E+00,+9.7324219E+00,+3.6386719E+00
+202.2000E-03,+9.8164063E+00,+9.7324219E+00,+3.6386719E+00
+202.5000E-03,+9.8164063E+00,+9.7324219E+00,+3.6386719E+00
+202.8000E-03,+9.8164063E+00,+9.7324219E+00,+3.6386719E+00
+203.1000E-03,+9.8066406E+00,+9.7324219E+00,+3.6445312E+00
+203.4000E-03,+9.8066406E+00,+9.7324219E+00,+3.6445313E+00
+203.7000E-03,+9.8066406E+00,+9.7324219E+00,+3.6445313E+00
+204.0000E-03,+9.8066406E+00,+9.7324219E+00,+3.6445313E+00
+204.3000E-03,+9.8164062E+00,+9.7324219E+00,+3.6386719E+00
+204.6000E-03,+9.8164063E+00,+9.7324219E+00,+3.6386719E+00
+204.9000E-03,+9.8066406E+00,+9.7324219E+00,+3.6445312E+00
+205.2000E-03,+9.8066406E+00,+9.7324219E+00,+3.6445313E+00
+205.5000E-03,+9.8066406E+00,+9.7324219E+00,+3.6445313E+00
+205.8000E-03,+9.8164062E+00,+9.7324219E+00,+3.6445313E+00
+206.1000E-03,+9.8164063E+00,+9.7324219E+00,+3.6503906E+00
+206.4000E-03,+9.8164063E+00,+9.7324219E+00,+3.6445313E+00
+206.7000E-03,+9.8164063E+00,+9.7324219E+00,+3.6445313E+00
+207.0000E-03,+9.8164063E+00,+9.7421875E+00,+3.6445313E+00
+207.3000E-03,+9.8164063E+00,+9.7421875E+00,+3.6445313E+00
+207.6000E-03,+9.8164063E+00,+9.7324219E+00,+3.6386719E+00
+207.9000E-03,+9.8164063E+00,+9.7324219E+00,+3.6386719E+00
+208.2000E-03,+9.8066406E+00,+9.7324219E+00,+3.6386719E+00
+208.5000E-03,+9.8164062E+00,+9.7324219E+00,+3.6386719E+00
+208.8000E-03,+9.8164063E+00,+9.7324219E+00,+3.6445312E+00
+209.1000E-03,+9.8164063E+00,+9.7324219E+00,+3.6386719E+00
+209.4000E-03,+9.8164063E+00,+9.7324219E+00,+3.6386719E+00
+209.7000E-03,+9.8066406E+00,+9.7324219E+00,+3.6445312E+00
+210.0000E-03,+9.8164062E+00,+9.7324219E+00,+3.6445313E+00
+210.3000E-03,+9.8164063E+00,+9.7324219E+00,+3.6386719E+00
+210.6000E-03,+9.8164063E+00,+9.7324219E+00,+3.6386719E+00
+210.9000E-03,+9.8066406E+00,+9.7324219E+00,+3.6386719E+00
+211.2000E-03,+9.8066406E+00,+9.7421875E+00,+3.6386719E+00
+211.5000E-03,+9.8164062E+00,+9.7421875E+00,+3.6445312E+00
+211.8000E-03,+9.8164063E+00,+9.7324219E+00,+3.6445313E+00
+212.1000E-03,+9.8164063E+00,+9.7324219E+00,+3.6386719E+00
+212.4000E-03,+9.8164063E+00,+9.7324219E+00,+3.6445312E+00
+212.7000E-03,+9.8164063E+00,+9.7324219E+00,+3.6503906E+00
+213.0000E-03,+9.8066406E+00,+9.7324219E+00,+3.6445313E+00
+213.3000E-03,+9.8164062E+00,+9.7324219E+00,+3.6445313E+00
+213.6000E-03,+9.8164063E+00,+9.7324219E+00,+3.6445313E+00
+213.9000E-03,+9.8164063E+00,+9.7324219E+00,+3.6445313E+00
+214.2000E-03,+9.8164063E+00,+9.7324219E+00,+3.6503906E+00
+214.5000E-03,+9.8164063E+00,+9.7324219E+00,+3.6445313E+00
+214.8000E-03,+9.8164063E+00,+9.7324219E+00,+3.6503906E+00
+215.1000E-03,+9.8164063E+00,+9.7324219E+00,+3.6503906E+00
+215.4000E-03,+9.8164063E+00,+9.7324219E+00,+3.6445313E+00
+215.7000E-03,+9.8066406E+00,+9.7421875E+00,+3.6445313E+00
+216.0000E-03,+9.8164062E+00,+9.7421875E+00,+3.6445313E+00
+216.3000E-03,+9.8066406E+00,+9.7324219E+00,+3.6386719E+00
+216.6000E-03,+9.8164062E+00,+9.7324219E+00,+3.6503906E+00
+216.9000E-03,+9.8164063E+00,+9.7324219E+00,+3.6503906E+00
+217.2000E-03,+9.8066406E+00,+9.7324219E+00,+3.6503906E+00
+217.5000E-03,+9.8164062E+00,+9.7421875E+00,+3.6503906E+00
+217.8000E-03,+9.8164063E+00,+9.7324219E+00,+3.6445313E+00
+218.1000E-03,+9.8164063E+00,+9.7421875E+00,+3.6503906E+00
+218.4000E-03,+9.8164063E+00,+9.7324219E+00,+3.6445313E+00
+218.7000E-03,+9.8066406E+00,+9.7324219E+00,+3.6445313E+00
+219.0000E-03,+9.8066406E+00,+9.7324219E+00,+3.6503906E+00
+219.3000E-03,+9.8066406E+00,+9.7421875E+00,+3.6503906E+00
+219.6000E-03,+9.8164062E+00,+9.7324219E+00,+3.6503906E+00
+219.9000E-03,+9.8066406E+00,+9.7324219E+00,+3.6445313E+00
+220.2000E-03,+9.8164062E+00,+9.7324219E+00,+3.6445313E+00
+220.5000E-03,+9.8066406E+00,+9.7324219E+00,+3.6386719E+00
+220.8000E-03,+9.8066406E+00,+9.7324219E+00,+3.6445312E+00
+221.1000E-03,+9.8164062E+00,+9.7324219E+00,+3.6445313E+00
+221.4000E-03,+9.8164063E+00,+9.7324219E+00,+3.6386719E+00
+221.7000E-03,+9.8164063E+00,+9.7324219E+00,+3.6386719E+00
+222.0000E-03,+9.8164063E+00,+9.7324219E+00,+3.6445312E+00
+222.3000E-03,+9.8066406E+00,+9.7324219E+00,+3.6445313E+00
+222.6000E-03,+9.8164062E+00,+9.7324219E+00,+3.6386719E+00
+222.9000E-03,+9.8066406E+00,+9.7324219E+00,+3.6445312E+00
+223.2000E-03,+9.8164062E+00,+9.7324219E+00,+3.6386719E+00
+223.5000E-03,+9.8164063E+00,+9.7324219E+00,+3.6386719E+00
+223.8000E-03,+9.8164063E+00,+9.7324219E+00,+3.6386719E+00
+224.1000E-03,+9.8164063E+00,+9.7421875E+00,+3.6386719E+00
+224.4000E-03,+9.8164063E+00,+9.7324219E+00,+3.6445312E+00
+224.7000E-03,+9.8164063E+00,+9.7324219E+00,+3.6445313E+00
+225.0000E-03,+9.8164063E+00,+9.7324219E+00,+3.6386719E+00
+225.3000E-03,+9.8164063E+00,+9.7324219E+00,+3.6445312E+00
+225.6000E-03,+9.8164063E+00,+9.7324219E+00,+3.6445313E+00
+225.9000E-03,+9.8164063E+00,+9.7324219E+00,+3.6386719E+00
+226.2000E-03,+9.8164063E+00,+9.7421875E+00,+3.6445312E+00
+226.5000E-03,+9.8164063E+00,+9.7324219E+00,+3.6445313E+00
+226.8000E-03,+9.8164063E+00,+9.7324219E+00,+3.6445313E+00
+227.1000E-03,+9.8164063E+00,+9.7324219E+00,+3.6445313E+00
+227.4000E-03,+9.8164063E+00,+9.7324219E+00,+3.6386719E+00
+227.7000E-03,+9.8164063E+00,+9.7324219E+00,+3.6445312E+00
+228.0000E-03,+9.8164063E+00,+9.7324219E+00,+3.6445313E+00
+228.3000E-03,+9.8164063E+00,+9.7324219E+00,+3.6386719E+00
+228.6000E-03,+9.8164063E+00,+9.7324219E+00,+3.6386719E+00
+228.9000E-03,+9.8164063E+00,+9.7324219E+00,+3.6386719E+00
+229.2000E-03,+9.8066406E+00,+9.7324219E+00,+3.6445312E+00
+229.5000E-03,+9.8164062E+00,+9.7324219E+00,+3.6386719E+00
+229.8000E-03,+9.8164063E+00,+9.7324219E+00,+3.6386719E+00
+230.1000E-03,+9.8164063E+00,+9.7324219E+00,+3.6328125E+00
+230.4000E-03,+9.8164063E+00,+9.7324219E+00,+3.6386719E+00
+230.7000E-03,+9.8164063E+00,+9.7324219E+00,+3.6386719E+00
+231.0000E-03,+9.8164063E+00,+9.7226563E+00,+3.6386719E+00
+231.3000E-03,+9.8164063E+00,+9.7226563E+00,+3.6386719E+00
+231.6000E-03,+9.8164063E+00,+9.7324219E+00,+3.6386719E+00
+231.9000E-03,+9.8164063E+00,+9.7324219E+00,+3.6386719E+00
+232.2000E-03,+9.8164063E+00,+9.7324219E+00,+3.6445312E+00
+232.5000E-03,+9.8066406E+00,+9.7324219E+00,+3.6386719E+00
+232.8000E-03,+9.8164062E+00,+9.7324219E+00,+3.6386719E+00
+233.1000E-03,+9.8164063E+00,+9.7324219E+00,+3.6386719E+00
+233.4000E-03,+9.8164063E+00,+9.7324219E+00,+3.6386719E+00
+233.7000E-03,+9.8164063E+00,+9.7324219E+00,+3.6386719E+00
+234.0000E-03,+9.8164063E+00,+9.7324219E+00,+3.6386719E+00
+234.3000E-03,+9.8164063E+00,+9.7324219E+00,+3.6386719E+00
+234.6000E-03,+9.8164063E+00,+9.7324219E+00,+3.6386719E+00
+234.9000E-03,+9.8164063E+00,+9.7324219E+00,+3.6386719E+00
+235.2000E-03,+9.8164063E+00,+9.7324219E+00,+3.6386719E+00
+235.5000E-03,+9.8164063E+00,+9.7324219E+00,+3.6386719E+00
+235.8000E-03,+9.8164063E+00,+9.7324219E+00,+3.6386719E+00
+236.1000E-03,+9.8066406E+00,+9.7324219E+00,+3.6445312E+00
+236.4000E-03,+9.8164062E+00,+9.7421875E+00,+3.6386719E+00
+236.7000E-03,+9.8164063E+00,+9.7324219E+00,+3.6445312E+00
+237.0000E-03,+9.8164063E+00,+9.7324219E+00,+3.6445313E+00
+237.3000E-03,+9.8164063E+00,+9.7324219E+00,+3.6386719E+00
+237.6000E-03,+9.8164063E+00,+9.7324219E+00,+3.6445312E+00
+237.9000E-03,+9.8164063E+00,+9.7324219E+00,+3.6386719E+00
+238.2000E-03,+9.8164063E+00,+9.7226563E+00,+3.6386719E+00
+238.5000E-03,+9.8164063E+00,+9.7324219E+00,+3.6445312E+00
+238.8000E-03,+9.8066406E+00,+9.7324219E+00,+3.6445313E+00
+239.1000E-03,+9.8164062E+00,+9.7324219E+00,+3.6386719E+00
+239.4000E-03,+9.8164063E+00,+9.7324219E+00,+3.6386719E+00
+239.7000E-03,+9.8164063E+00,+9.7324219E+00,+3.6386719E+00
+240.0000E-03,+9.8164063E+00,+9.7324219E+00,+3.6386719E+00
+240.3000E-03,+9.8164063E+00,+9.7324219E+00,+3.6386719E+00
+240.6000E-03,+9.8164063E+00,+9.7324219E+00,+3.6386719E+00
+240.9000E-03,+9.8261719E+00,+9.7421875E+00,+3.6386719E+00
+241.2000E-03,+9.8164063E+00,+9.7324219E+00,+3.6386719E+00
+241.5000E-03,+9.8261719E+00,+9.7324219E+00,+3.6328125E+00
+241.8000E-03,+9.8164063E+00,+9.7324219E+00,+3.6328125E+00
+242.1000E-03,+9.8261719E+00,+9.7324219E+00,+3.6328125E+00
+242.4000E-03,+9.8164063E+00,+9.7324219E+00,+3.6386719E+00
+242.7000E-03,+9.8164063E+00,+9.7324219E+00,+3.6386719E+00
+243.0000E-03,+9.8164063E+00,+9.7324219E+00,+3.6328125E+00
+243.3000E-03,+9.8164063E+00,+9.7421875E+00,+3.6386719E+00
+243.6000E-03,+9.8164063E+00,+9.7324219E+00,+3.6386719E+00
+243.9000E-03,+9.8164063E+00,+9.7324219E+00,+3.6328125E+00
+244.2000E-03,+9.8164063E+00,+9.7324219E+00,+3.6386719E+00
+244.5000E-03,+9.8164063E+00,+9.7324219E+00,+3.6328125E+00
+244.8000E-03,+9.8164063E+00,+9.7324219E+00,+3.6386719E+00
+245.1000E-03,+9.8164063E+00,+9.7324219E+00,+3.6386719E+00
+245.4000E-03,+9.8164063E+00,+9.7324219E+00,+3.6328125E+00
+245.7000E-03,+9.8164063E+00,+9.7421875E+00,+3.6386719E+00
+246.0000E-03,+9.8164063E+00,+9.7324219E+00,+3.6328125E+00
+246.3000E-03,+9.8164063E+00,+9.7324219E+00,+3.6386719E+00
+246.6000E-03,+9.8164063E+00,+9.7324219E+00,+3.6386719E+00
+246.9000E-03,+9.8164063E+00,+9.7324219E+00,+3.6386719E+00
+247.2000E-03,+9.8261719E+00,+9.7421875E+00,+3.6328125E+00
+247.5000E-03,+9.8261719E+00,+9.7324219E+00,+3.6328125E+00
+247.8000E-03,+9.8164063E+00,+9.7324219E+00,+3.6386719E+00
+248.1000E-03,+9.8164063E+00,+9.7324219E+00,+3.6328125E+00
+248.4000E-03,+9.8164063E+00,+9.7324219E+00,+3.6328125E+00
+248.7000E-03,+9.8164063E+00,+9.7324219E+00,+3.6386719E+00
+249.0000E-03,+9.8164063E+00,+9.7421875E+00,+3.6328125E+00
+249.3000E-03,+9.8164063E+00,+9.7421875E+00,+3.6328125E+00
+249.6000E-03,+9.8164063E+00,+9.7324219E+00,+3.6328125E+00
+249.9000E-03,+9.8164063E+00,+9.7324219E+00,+3.6328125E+00
+250.2000E-03,+9.8164063E+00,+9.7324219E+00,+3.6328125E+00
+250.5000E-03,+9.8164063E+00,+9.7324219E+00,+3.6386719E+00
+250.8000E-03,+9.8164063E+00,+9.7324219E+00,+3.6269531E+00
+251.1000E-03,+9.8066406E+00,+9.7421875E+00,+3.6328125E+00
+251.4000E-03,+9.8164062E+00,+9.7324219E+00,+3.6386719E+00
+251.7000E-03,+9.8164063E+00,+9.7324219E+00,+3.6386719E+00
+252.0000E-03,+9.8164063E+00,+9.7324219E+00,+3.6328125E+00
+252.3000E-03,+9.8164063E+00,+9.7324219E+00,+3.6269531E+00
+252.6000E-03,+9.8164063E+00,+9.7226563E+00,+3.6328125E+00
+252.9000E-03,+9.8261719E+00,+9.7324219E+00,+3.6386719E+00
+253.2000E-03,+9.8261719E+00,+9.7324219E+00,+3.6328125E+00
+253.5000E-03,+9.8261719E+00,+9.7324219E+00,+3.6328125E+00
+253.8000E-03,+9.8164063E+00,+9.7324219E+00,+3.6269531E+00
+254.1000E-03,+9.8164063E+00,+9.7324219E+00,+3.6210938E+00
+254.4000E-03,+9.8164063E+00,+9.7226563E+00,+3.6328125E+00
+254.7000E-03,+9.8164063E+00,+9.7226563E+00,+3.6269531E+00
+255.0000E-03,+9.8164063E+00,+9.7226563E+00,+3.6269531E+00
+255.3000E-03,+9.8164063E+00,+9.7324219E+00,+3.6328125E+00
+255.6000E-03,+9.8164063E+00,+9.7324219E+00,+3.6328125E+00
+255.9000E-03,+9.8164063E+00,+9.7226563E+00,+3.6328125E+00
+256.2000E-03,+9.8164063E+00,+9.7226563E+00,+3.6328125E+00
+256.5000E-03,+9.8164063E+00,+9.7324219E+00,+3.6328125E+00
+256.8000E-03,+9.8164063E+00,+9.7226563E+00,+3.6328125E+00
+257.1000E-03,+9.8164063E+00,+9.7226563E+00,+3.6328125E+00
+257.4000E-03,+9.8164063E+00,+9.7324219E+00,+3.6386719E+00
+257.7000E-03,+9.8164063E+00,+9.7324219E+00,+3.6328125E+00
+258.0000E-03,+9.8261719E+00,+9.7324219E+00,+3.6328125E+00
+258.3000E-03,+9.8261719E+00,+9.7324219E+00,+3.6328125E+00
+258.6000E-03,+9.8261719E+00,+9.7324219E+00,+3.6328125E+00
+258.9000E-03,+9.8261719E+00,+9.7324219E+00,+3.6328125E+00
+259.2000E-03,+9.8261719E+00,+9.7324219E+00,+3.6328125E+00
+259.5000E-03,+9.8261719E+00,+9.7324219E+00,+3.6328125E+00
+259.8000E-03,+9.8164063E+00,+9.7324219E+00,+3.6386719E+00
+260.1000E-03,+9.8164063E+00,+9.7324219E+00,+3.6386719E+00
+260.4000E-03,+9.8164063E+00,+9.7324219E+00,+3.6386719E+00
+260.7000E-03,+9.8164063E+00,+9.7226563E+00,+3.6386719E+00
+261.0000E-03,+9.8164063E+00,+9.7226563E+00,+3.6269531E+00
+261.3000E-03,+9.8164063E+00,+9.7226563E+00,+3.6328125E+00
+261.6000E-03,+9.8164063E+00,+9.7324219E+00,+3.6328125E+00
+261.9000E-03,+9.8261719E+00,+9.7324219E+00,+3.6328125E+00
+262.2000E-03,+9.8164063E+00,+9.7226563E+00,+3.6386719E+00
+262.5000E-03,+9.8164063E+00,+9.7324219E+00,+3.6269531E+00
+262.8000E-03,+9.8164063E+00,+9.7324219E+00,+3.6328125E+00
+263.1000E-03,+9.8164063E+00,+9.7324219E+00,+3.6328125E+00
+263.4000E-03,+9.8164063E+00,+9.7324219E+00,+3.6269531E+00
+263.7000E-03,+9.8164063E+00,+9.7324219E+00,+3.6269531E+00
+264.0000E-03,+9.8164063E+00,+9.7226563E+00,+3.6269531E+00
+264.3000E-03,+9.8164063E+00,+9.7324219E+00,+3.6328125E+00
+264.6000E-03,+9.8164063E+00,+9.7226563E+00,+3.6328125E+00
+264.9000E-03,+9.8164063E+00,+9.7324219E+00,+3.6328125E+00
+265.2000E-03,+9.8164063E+00,+9.7324219E+00,+3.6386719E+00
+265.5000E-03,+9.8164063E+00,+9.7324219E+00,+3.6269531E+00
+265.8000E-03,+9.8164063E+00,+9.7324219E+00,+3.6269531E+00
+266.1000E-03,+9.8261719E+00,+9.7324219E+00,+3.6328125E+00
+266.4000E-03,+9.8164063E+00,+9.7324219E+00,+3.6328125E+00
+266.7000E-03,+9.8261719E+00,+9.7324219E+00,+3.6328125E+00
+267.0000E-03,+9.8164063E+00,+9.7324219E+00,+3.6328125E+00
+267.3000E-03,+9.8164063E+00,+9.7226563E+00,+3.6328125E+00
+267.6000E-03,+9.8164063E+00,+9.7226563E+00,+3.6328125E+00
+267.9000E-03,+9.8164063E+00,+9.7324219E+00,+3.6328125E+00
+268.2000E-03,+9.8164063E+00,+9.7226563E+00,+3.6328125E+00
+268.5000E-03,+9.8164063E+00,+9.7226563E+00,+3.6386719E+00
+268.8000E-03,+9.8164063E+00,+9.7226563E+00,+3.6328125E+00
+269.1000E-03,+9.8164063E+00,+9.7324219E+00,+3.6328125E+00
+269.4000E-03,+9.8164063E+00,+9.7324219E+00,+3.6328125E+00
+269.7000E-03,+9.8164063E+00,+9.7226563E+00,+3.6328125E+00
