x-axis,V_INC,V_OUT
second,Volt,Volt
-30.0000E-03,-195.3125E-03,-5.8594E-03
-29.7000E-03,-195.3125E-03,+0.0E+00
-29.4000E-03,-195.3125E-03,-5.8594E-03
-29.1000E-03,-195.3125E-03,+0.0E+00
-28.8000E-03,-195.3125E-03,+5.8594E-03
-28.5000E-03,-195.3125E-03,+0.0E+00
-28.2000E-03,-214.8438E-03,+0.0E+00
-27.9000E-03,-195.3125E-03,+0.0E+00
-27.6000E-03,-214.8438E-03,+0.0E+00
-27.3000E-03,-195.3125E-03,+0.0E+00
-27.0000E-03,-214.8438E-03,+5.8594E-03
-26.7000E-03,-195.3125E-03,+5.8594E-03
-26.4000E-03,-214.8437E-03,+0.0E+00
-26.1000E-03,-195.3125E-03,+0.0E+00
-25.8000E-03,-195.3125E-03,+0.0E+00
-25.5000E-03,-195.3125E-03,+0.0E+00
-25.2000E-03,-195.3125E-03,+5.8594E-03
-24.9000E-03,-195.3125E-03,+5.8594E-03
-24.6000E-03,-195.3125E-03,-0.0E+00
-24.3000E-03,-214.8438E-03,-5.8594E-03
-24.0000E-03,-214.8437E-03,+0.0E+00
-23.7000E-03,-195.3125E-03,+0.0E+00
-23.4000E-03,-195.3125E-03,+0.0E+00
-23.1000E-03,-214.8438E-03,+5.8594E-03
-22.8000E-03,-214.8437E-03,+5.8594E-03
-22.5000E-03,-195.3125E-03,+0.0E+00
-22.2000E-03,-195.3125E-03,+0.0E+00
-21.9000E-03,-195.3125E-03,+0.0E+00
-21.6000E-03,-195.3125E-03,+5.8594E-03
-21.3000E-03,-195.3125E-03,+5.8594E-03
-21.0000E-03,-195.3125E-03,+5.8594E-03
-20.7000E-03,-195.3125E-03,+0.0E+00
-20.4000E-03,-195.3125E-03,+5.8594E-03
-20.1000E-03,-195.3125E-03,+0.0E+00
-19.8000E-03,-195.3125E-03,+0.0E+00
-19.5000E-03,-195.3125E-03,+0.0E+00
-19.2000E-03,-195.3125E-03,+5.8594E-03
-18.9000E-03,-195.3125E-03,+5.8594E-03
-18.6000E-03,-195.3125E-03,+5.8594E-03
-18.3000E-03,-195.3125E-03,+5.8594E-03
-18.0000E-03,-195.3125E-03,+5.8594E-03
-17.7000E-03,-195.3125E-03,+5.8594E-03
-17.4000E-03,-195.3125E-03,+5.8594E-03
-17.1000E-03,-195.3125E-03,+5.8594E-03
-16.8000E-03,-195.3125E-03,+5.8594E-03
-16.5000E-03,-195.3125E-03,+5.8594E-03
-16.2000E-03,-195.3125E-03,+11.7188E-03
-15.9000E-03,-195.3125E-03,+11.7188E-03
-15.6000E-03,-195.3125E-03,+11.7187E-03
-15.3000E-03,-195.3125E-03,+5.8594E-03
-15.0000E-03,-195.3125E-03,+5.8594E-03
-14.7000E-03,-195.3125E-03,+5.8594E-03
-14.4000E-03,-195.3125E-03,+5.8594E-03
-14.1000E-03,-195.3125E-03,+5.8594E-03
-13.8000E-03,-195.3125E-03,+5.8594E-03
-13.5000E-03,-195.3125E-03,+5.8594E-03
-13.2000E-03,-214.8437E-03,+5.8594E-03
-12.9000E-03,-195.3125E-03,+0.0E+00
-12.6000E-03,-195.3125E-03,+5.8594E-03
-12.3000E-03,-195.3125E-03,+5.8594E-03
-12.0000E-03,-195.3125E-03,+11.7187E-03
-11.7000E-03,-195.3125E-03,+5.8594E-03
-11.4000E-03,-195.3125E-03,+0.0E+00
-11.1000E-03,-195.3125E-03,+11.7187E-03
-10.8000E-03,-195.3125E-03,+5.8594E-03
-10.5000E-03,-195.3125E-03,+5.8594E-03
-10.2000E-03,-195.3125E-03,+5.8594E-03
-9.9000E-03,-195.3125E-03,+5.8594E-03
-9.6000E-03,-195.3125E-03,+5.8594E-03
-9.3000E-03,-195.3125E-03,+5.8594E-03
-9.0000E-03,-195.3125E-03,+0.0E+00
-8.7000E-03,-195.3125E-03,+5.8594E-03
-8.4000E-03,-195.3125E-03,+5.8594E-03
-8.1000E-03,-195.3125E-03,+11.7187E-03
-7.8000E-03,-195.3125E-03,+5.8594E-03
-7.5000E-03,-195.3125E-03,+5.8594E-03
-7.2000E-03,-195.3125E-03,+5.8594E-03
-6.9000E-03,-195.3125E-03,+5.8594E-03
-6.6000E-03,-195.3125E-03,+5.8594E-03
-6.3000E-03,-195.3125E-03,+5.8594E-03
-6.0000E-03,-195.3125E-03,+0.0E+00
-5.7000E-03,-195.3125E-03,+5.8594E-03
-5.4000E-03,-214.8438E-03,+5.8594E-03
-5.1000E-03,-214.8438E-03,+0.0E+00
-4.8000E-03,-214.8438E-03,+0.0E+00
-4.5000E-03,-214.8438E-03,+0.0E+00
-4.2000E-03,-214.8437E-03,+0.0E+00
-3.9000E-03,-195.3125E-03,+0.0E+00
-3.6000E-03,-214.8437E-03,+0.0E+00
-3.3000E-03,-195.3125E-03,+5.8594E-03
-3.0000E-03,-214.8437E-03,-5.8594E-03
-2.7000E-03,-195.3125E-03,+5.8594E-03
-2.4000E-03,-195.3125E-03,-0.0E+00
-2.1000E-03,-214.8438E-03,-5.8594E-03
-1.8000E-03,-214.8438E-03,+0.0E+00
-1.5000E-03,-214.8438E-03,-0.0E+00
-1.2000E-03,-214.8438E-03,-5.8594E-03
-900.0E-06,-214.8438E-03,+0.0E+00
-600.0E-06,-214.8438E-03,-0.0E+00
-300.0E-06,-214.8438E-03,-5.8594E-03
+0.0E+00,-214.8437E-03,-5.8594E-03
+300.0E-06,-195.3125E-03,-0.0E+00
+600.0E-06,-195.3125E-03,-5.8594E-03
+900.0E-06,-195.3125E-03,-5.8594E-03
+1.2000E-03,-214.8438E-03,-5.8594E-03
+1.5000E-03,-214.8438E-03,-5.8594E-03
+1.8000E-03,-214.8438E-03,-5.8594E-03
+2.1000E-03,-214.8437E-03,-0.0E+00
+2.4000E-03,-195.3125E-03,-5.8594E-03
+2.7000E-03,-214.8438E-03,-5.8594E-03
+3.0000E-03,-214.8438E-03,-5.8594E-03
+3.3000E-03,-214.8438E-03,-5.8594E-03
+3.6000E-03,-214.8438E-03,-5.8594E-03
+3.9000E-03,-214.8438E-03,-5.8594E-03
+4.2000E-03,-214.8438E-03,-0.0E+00
+4.5000E-03,-214.8438E-03,-5.8594E-03
+4.8000E-03,-214.8438E-03,-5.8594E-03
+5.1000E-03,-214.8438E-03,-0.0E+00
+5.4000E-03,-214.8438E-03,-5.8594E-03
+5.7000E-03,-214.8437E-03,-5.8594E-03
+6.0000E-03,-195.3125E-03,+0.0E+00
+6.3000E-03,-214.8438E-03,+0.0E+00
+6.6000E-03,-214.8437E-03,+0.0E+00
+6.9000E-03,-195.3125E-03,-0.0E+00
+7.2000E-03,-195.3125E-03,-5.8594E-03
+7.5000E-03,-195.3125E-03,-5.8594E-03
+7.8000E-03,-195.3125E-03,-5.8594E-03
+8.1000E-03,-214.8438E-03,-5.8594E-03
+8.4000E-03,-214.8437E-03,-5.8594E-03
+8.7000E-03,-195.3125E-03,-5.8594E-03
+9.0000E-03,-214.8438E-03,-5.8594E-03
+9.3000E-03,-214.8438E-03,-5.8594E-03
+9.6000E-03,-214.8438E-03,-5.8594E-03
+9.9000E-03,-214.8438E-03,-5.8594E-03
+10.2000E-03,-214.8438E-03,-5.8594E-03
+10.5000E-03,-214.8438E-03,-0.0E+00
+10.8000E-03,-214.8438E-03,-5.8594E-03
+11.1000E-03,-214.8438E-03,+0.0E+00
+11.4000E-03,-214.8438E-03,-0.0E+00
+11.7000E-03,-214.8438E-03,-5.8594E-03
+12.0000E-03,-214.8438E-03,-11.7188E-03
+12.3000E-03,-214.8438E-03,-11.7187E-03
+12.6000E-03,-214.8437E-03,-5.8594E-03
+12.9000E-03,-195.3125E-03,-5.8594E-03
+13.2000E-03,-214.8438E-03,-5.8594E-03
+13.5000E-03,-214.8438E-03,-5.8594E-03
+13.8000E-03,-214.8438E-03,-11.7187E-03
+14.1000E-03,-214.8438E-03,-5.8594E-03
+14.4000E-03,-214.8438E-03,-5.8594E-03
+14.7000E-03,-214.8438E-03,-5.8594E-03
+15.0000E-03,-214.8438E-03,-5.8594E-03
+15.3000E-03,-214.8438E-03,-5.8594E-03
+15.6000E-03,-214.8438E-03,-5.8594E-03
+15.9000E-03,-214.8438E-03,-5.8594E-03
+16.2000E-03,-214.8437E-03,-5.8594E-03
+16.5000E-03,-195.3125E-03,-5.8594E-03
+16.8000E-03,-214.8438E-03,-5.8594E-03
+17.1000E-03,-214.8438E-03,-5.8594E-03
+17.4000E-03,-214.8438E-03,-0.0E+00
+17.7000E-03,-214.8438E-03,-5.8594E-03
+18.0000E-03,-214.8437E-03,-11.7187E-03
+18.3000E-03,-195.3125E-03,-5.8594E-03
+18.6000E-03,-214.8438E-03,-5.8594E-03
+18.9000E-03,-214.8437E-03,-5.8594E-03
+19.2000E-03,-195.3125E-03,+0.0E+00
+19.5000E-03,-195.3125E-03,+0.0E+00
+19.8000E-03,-195.3125E-03,+0.0E+00
+20.1000E-03,-195.3125E-03,+0.0E+00
+20.4000E-03,-195.3125E-03,+0.0E+00
+20.7000E-03,-214.8437E-03,-0.0E+00
+21.0000E-03,-195.3125E-03,-5.8594E-03
+21.3000E-03,-195.3125E-03,-5.8594E-03
+21.6000E-03,-214.8437E-03,+0.0E+00
+21.9000E-03,-195.3125E-03,+0.0E+00
+22.2000E-03,-214.8437E-03,+0.0E+00
+22.5000E-03,-195.3125E-03,+0.0E+00
+22.8000E-03,-195.3125E-03,+0.0E+00
+23.1000E-03,-195.3125E-03,+0.0E+00
+23.4000E-03,-195.3125E-03,+5.8594E-03
+23.7000E-03,-195.3125E-03,+5.8594E-03
+24.0000E-03,-195.3125E-03,+5.8594E-03
+24.3000E-03,-195.3125E-03,+5.8594E-03
+24.6000E-03,-195.3125E-03,+0.0E+00
+24.9000E-03,-195.3125E-03,+0.0E+00
+25.2000E-03,-195.3125E-03,+0.0E+00
+25.5000E-03,-195.3125E-03,+0.0E+00
+25.8000E-03,-195.3125E-03,+5.8594E-03
+26.1000E-03,-195.3125E-03,+0.0E+00
+26.4000E-03,-195.3125E-03,+0.0E+00
+26.7000E-03,-195.3125E-03,+5.8594E-03
+27.0000E-03,-195.3125E-03,+0.0E+00
+27.3000E-03,-214.8437E-03,+0.0E+00
+27.6000E-03,-195.3125E-03,+5.8594E-03
+27.9000E-03,-195.3125E-03,+0.0E+00
+28.2000E-03,-195.3125E-03,+5.8594E-03
+28.5000E-03,-195.3125E-03,+5.8594E-03
+28.8000E-03,-195.3125E-03,+0.0E+00
+29.1000E-03,-195.3125E-03,+0.0E+00
+29.4000E-03,-195.3125E-03,+5.8594E-03
+29.7000E-03,-195.3125E-03,+5.8594E-03
+30.0000E-03,-195.3125E-03,+0.0E+00
+30.3000E-03,-214.8437E-03,-0.0E+00
+30.6000E-03,-195.3125E-03,-5.8594E-03
+30.9000E-03,-214.8437E-03,+0.0E+00
+31.2000E-03,-195.3125E-03,+0.0E+00
+31.5000E-03,-195.3125E-03,+0.0E+00
+31.8000E-03,-195.3125E-03,+0.0E+00
+32.1000E-03,-195.3125E-03,+0.0E+00
+32.4000E-03,-214.8438E-03,+0.0E+00
+32.7000E-03,-214.8438E-03,+0.0E+00
+33.0000E-03,-214.8437E-03,-0.0E+00
+33.3000E-03,-195.3125E-03,-5.8594E-03
+33.6000E-03,-214.8437E-03,+0.0E+00
+33.9000E-03,-195.3125E-03,+5.8594E-03
+34.2000E-03,-214.8437E-03,+0.0E+00
+34.5000E-03,-195.3125E-03,+5.8594E-03
+34.8000E-03,-195.3125E-03,+5.8594E-03
+35.1000E-03,-195.3125E-03,+5.8594E-03
+35.4000E-03,-214.8437E-03,+5.8594E-03
+35.7000E-03,-195.3125E-03,+5.8594E-03
+36.0000E-03,-195.3125E-03,+5.8594E-03
+36.3000E-03,-214.8437E-03,+5.8594E-03
+36.6000E-03,-195.3125E-03,+5.8594E-03
+36.9000E-03,-214.8437E-03,+5.8594E-03
+37.2000E-03,-195.3125E-03,+5.8594E-03
+37.5000E-03,-195.3125E-03,+5.8594E-03
+37.8000E-03,-195.3125E-03,+5.8594E-03
+38.1000E-03,-214.8438E-03,+5.8594E-03
+38.4000E-03,-214.8438E-03,+0.0E+00
+38.7000E-03,-214.8438E-03,+5.8594E-03
+39.0000E-03,-214.8438E-03,+5.8594E-03
+39.3000E-03,-214.8437E-03,+0.0E+00
+39.6000E-03,-195.3125E-03,+5.8594E-03
+39.9000E-03,-195.3125E-03,+5.8594E-03
+40.2000E-03,-195.3125E-03,+0.0E+00
+40.5000E-03,-195.3125E-03,+0.0E+00
+40.8000E-03,+39.0625E-03,+0.0E+00
+41.1000E-03,+371.0938E-03,+0.0E+00
+41.4000E-03,+507.8125E-03,+0.0E+00
+41.7000E-03,+625.0000E-03,+5.8594E-03
+42.0000E-03,+761.7188E-03,+5.8594E-03
+42.3000E-03,+878.9063E-03,+0.0E+00
+42.6000E-03,+996.0938E-03,+5.8594E-03
+42.9000E-03,+1.1328125E+00,+0.0E+00
+43.2000E-03,+1.2695313E+00,+5.8594E-03
+43.5000E-03,+1.3867188E+00,+0.0E+00
+43.8000E-03,+1.5234375E+00,+0.0E+00
+44.1000E-03,+1.6601563E+00,+5.8594E-03
+44.4000E-03,+1.7968750E+00,+5.8594E-03
+44.7000E-03,+1.9140625E+00,+5.8594E-03
+45.0000E-03,+2.0507813E+00,+5.8594E-03
+45.3000E-03,+2.1875000E+00,+5.8594E-03
+45.6000E-03,+2.3242188E+00,+5.8594E-03
+45.9000E-03,+2.4609375E+00,+5.8594E-03
+46.2000E-03,+2.5781250E+00,+5.8594E-03
+46.5000E-03,+2.7148438E+00,+5.8594E-03
+46.8000E-03,+2.8320313E+00,+5.8594E-03
+47.1000E-03,+2.9492188E+00,+0.0E+00
+47.4000E-03,+3.0859375E+00,+5.8594E-03
+47.7000E-03,+3.2031250E+00,+0.0E+00
+48.0000E-03,+3.3398438E+00,+0.0E+00
+48.3000E-03,+3.4570313E+00,+0.0E+00
+48.6000E-03,+3.5937500E+00,+5.8594E-03
+48.9000E-03,+3.7109375E+00,+5.8594E-03
+49.2000E-03,+3.8476563E+00,+5.8594E-03
+49.5000E-03,+3.9843750E+00,+0.0E+00
+49.8000E-03,+4.1015625E+00,+5.8594E-03
+50.1000E-03,+4.2382813E+00,+29.2969E-03
+50.4000E-03,+4.3750000E+00,+70.3125E-03
+50.7000E-03,+4.5117188E+00,+140.6250E-03
+51.0000E-03,+4.6484375E+00,+322.2656E-03
+51.3000E-03,+4.7656250E+00,+539.0625E-03
+51.6000E-03,+4.8828125E+00,+837.8906E-03
+51.9000E-03,+5.0000000E+00,+1.1484375E+00
+52.2000E-03,+5.1171875E+00,+1.5000000E+00
+52.5000E-03,+5.2539063E+00,+1.8632813E+00
+52.8000E-03,+5.3710938E+00,+2.2792969E+00
+53.1000E-03,+5.4687500E+00,+2.6894531E+00
+53.4000E-03,+5.5859375E+00,+3.0937500E+00
+53.7000E-03,+5.7226563E+00,+3.5039063E+00
+54.0000E-03,+5.8593750E+00,+3.6796875E+00
+54.3000E-03,+5.9765625E+00,+3.6503906E+00
+54.6000E-03,+6.1132813E+00,+3.6328125E+00
+54.9000E-03,+6.2109375E+00,+3.6210938E+00
+55.2000E-03,+6.3281250E+00,+3.6269531E+00
+55.5000E-03,+6.4257813E+00,+3.6210938E+00
+55.8000E-03,+6.5625000E+00,+3.6210937E+00
+56.1000E-03,+6.6796875E+00,+3.6152344E+00
+56.4000E-03,+6.7968750E+00,+3.6152344E+00
+56.7000E-03,+6.8945313E+00,+3.6210938E+00
+57.0000E-03,+7.0117188E+00,+3.6210938E+00
+57.3000E-03,+7.1289063E+00,+3.6210937E+00
+57.6000E-03,+7.2265625E+00,+3.6152344E+00
+57.9000E-03,+7.3242188E+00,+3.6152344E+00
+58.2000E-03,+7.4414063E+00,+3.6093750E+00
+58.5000E-03,+7.5390625E+00,+3.6152344E+00
+58.8000E-03,+7.6367188E+00,+3.6093750E+00
+59.1000E-03,+7.7343750E+00,+3.6152344E+00
+59.4000E-03,+7.8320313E+00,+3.6152344E+00
+59.7000E-03,+7.9101563E+00,+3.6152344E+00
+60.0000E-03,+8.0078125E+00,+3.6210937E+00
+60.3000E-03,+8.1054688E+00,+3.6152344E+00
+60.6000E-03,+8.2031250E+00,+3.6152344E+00
+60.9000E-03,+8.3007813E+00,+3.6152344E+00
+61.2000E-03,+8.3984375E+00,+3.6210938E+00
+61.5000E-03,+8.4765625E+00,+3.6210937E+00
+61.8000E-03,+8.5546875E+00,+3.6152344E+00
+62.1000E-03,+8.6328125E+00,+3.6093750E+00
+62.4000E-03,+8.7109375E+00,+3.6093750E+00
+62.7000E-03,+8.7890625E+00,+3.6152344E+00
+63.0000E-03,+8.8867188E+00,+3.6152344E+00
+63.3000E-03,+8.9648438E+00,+3.6210938E+00
+63.6000E-03,+9.0429688E+00,+3.6210937E+00
+63.9000E-03,+9.1210938E+00,+3.6152344E+00
+64.2000E-03,+9.1992188E+00,+3.6152344E+00
+64.5000E-03,+9.2773438E+00,+3.6152344E+00
+64.8000E-03,+9.3554688E+00,+3.6210937E+00
+65.1000E-03,+9.4335938E+00,+3.6152344E+00
+65.4000E-03,+9.5312500E+00,+3.6152344E+00
+65.7000E-03,+9.5898438E+00,+3.6210938E+00
+66.0000E-03,+9.6679688E+00,+3.6210937E+00
+66.3000E-03,+9.7265625E+00,+3.6152344E+00
+66.6000E-03,+9.8046875E+00,+3.6152344E+00
+66.9000E-03,+9.8632813E+00,+3.6210938E+00
+67.2000E-03,+9.9414063E+00,+3.6210938E+00
+67.5000E-03,+10.0000000E+00,+3.6152344E+00
+67.8000E-03,+10.0585938E+00,+3.6210938E+00
+68.1000E-03,+10.1171875E+00,+3.6210938E+00
+68.4000E-03,+10.1757813E+00,+3.6210938E+00
+68.7000E-03,+10.2343750E+00,+3.6210938E+00
+69.0000E-03,+10.2929688E+00,+3.6269531E+00
+69.3000E-03,+10.3515625E+00,+3.6210938E+00
+69.6000E-03,+10.4296875E+00,+3.6210938E+00
+69.9000E-03,+10.4687500E+00,+3.6269531E+00
+70.2000E-03,+10.5273438E+00,+3.6269531E+00
+70.5000E-03,+10.5859375E+00,+3.6210938E+00
+70.8000E-03,+10.6250000E+00,+3.6152344E+00
+71.1000E-03,+10.6835938E+00,+3.6210938E+00
+71.4000E-03,+10.7421875E+00,+3.6210938E+00
+71.7000E-03,+10.8007813E+00,+3.6210938E+00
+72.0000E-03,+10.8593750E+00,+3.6210938E+00
+72.3000E-03,+10.8984375E+00,+3.6269531E+00
+72.6000E-03,+10.9375000E+00,+3.6210938E+00
+72.9000E-03,+10.9960938E+00,+3.6210938E+00
+73.2000E-03,+11.0546875E+00,+3.6210938E+00
+73.5000E-03,+11.0937500E+00,+3.6210938E+00
+73.8000E-03,+11.1523438E+00,+3.6210938E+00
+74.1000E-03,+11.1914063E+00,+3.6210938E+00
+74.4000E-03,+11.2304688E+00,+3.6210938E+00
+74.7000E-03,+11.2695313E+00,+3.6210938E+00
+75.0000E-03,+11.3281250E+00,+3.6210938E+00
+75.3000E-03,+11.3867188E+00,+3.6152344E+00
+75.6000E-03,+11.4257813E+00,+3.6210938E+00
+75.9000E-03,+11.4648438E+00,+3.6269531E+00
+76.2000E-03,+11.5234375E+00,+3.6210938E+00
+76.5000E-03,+11.5625000E+00,+3.6210938E+00
+76.8000E-03,+11.6015625E+00,+3.6210938E+00
+77.1000E-03,+11.6406250E+00,+3.6210938E+00
+77.4000E-03,+11.6992188E+00,+3.6269531E+00
+77.7000E-03,+11.7578125E+00,+3.6210938E+00
+78.0000E-03,+11.7968750E+00,+3.6269531E+00
+78.3000E-03,+11.8554688E+00,+3.6269531E+00
+78.6000E-03,+11.8750000E+00,+3.6269531E+00
+78.9000E-03,+11.9140625E+00,+3.6152344E+00
+79.2000E-03,+11.9726563E+00,+3.6152344E+00
+79.5000E-03,+12.0117188E+00,+3.6210938E+00
+79.8000E-03,+12.0507813E+00,+3.6210938E+00
+80.1000E-03,+12.0898438E+00,+3.6152344E+00
+80.4000E-03,+12.1093750E+00,+3.6152344E+00
+80.7000E-03,+12.1484375E+00,+3.6152344E+00
+81.0000E-03,+12.1875000E+00,+3.6152344E+00
+81.3000E-03,+12.2265625E+00,+3.6152344E+00
+81.6000E-03,+12.2656250E+00,+3.6093750E+00
+81.9000E-03,+12.3046875E+00,+3.6152344E+00
+82.2000E-03,+12.3437500E+00,+3.6152344E+00
+82.5000E-03,+12.3828125E+00,+3.6210938E+00
+82.8000E-03,+12.4218750E+00,+3.6210938E+00
+83.1000E-03,+12.4414063E+00,+3.6152344E+00
+83.4000E-03,+12.4804688E+00,+3.6210938E+00
+83.7000E-03,+12.5000000E+00,+3.6152344E+00
+84.0000E-03,+12.5390625E+00,+3.6210938E+00
+84.3000E-03,+12.5585938E+00,+3.6210938E+00
+84.6000E-03,+12.5976563E+00,+3.6210938E+00
+84.9000E-03,+12.6171875E+00,+3.6210938E+00
+85.2000E-03,+12.6562500E+00,+3.6269531E+00
+85.5000E-03,+12.6953125E+00,+3.6210938E+00
+85.8000E-03,+12.7148438E+00,+3.6210938E+00
+86.1000E-03,+12.7539063E+00,+3.6152344E+00
+86.4000E-03,+12.7734375E+00,+3.6210938E+00
+86.7000E-03,+12.7929688E+00,+3.6152344E+00
+87.0000E-03,+12.8125000E+00,+3.6152344E+00
+87.3000E-03,+12.8320313E+00,+3.6152344E+00
+87.6000E-03,+12.8710938E+00,+3.6152344E+00
+87.9000E-03,+12.8906250E+00,+3.6152344E+00
+88.2000E-03,+12.9296875E+00,+3.6152344E+00
+88.5000E-03,+12.9492188E+00,+3.6152344E+00
+88.8000E-03,+12.9687500E+00,+3.6152344E+00
+89.1000E-03,+12.9882813E+00,+3.6152344E+00
+89.4000E-03,+13.0273438E+00,+3.6093750E+00
+89.7000E-03,+13.0468750E+00,+3.6152344E+00
+90.0000E-03,+13.0664063E+00,+3.6093750E+00
+90.3000E-03,+13.0859375E+00,+3.6152344E+00
+90.6000E-03,+13.1054688E+00,+3.6152344E+00
+90.9000E-03,+13.1250000E+00,+3.6152344E+00
+91.2000E-03,+13.1445313E+00,+3.6152344E+00
+91.5000E-03,+13.1640625E+00,+3.6152344E+00
+91.8000E-03,+13.1835938E+00,+3.6152344E+00
+92.1000E-03,+13.2031250E+00,+3.6093750E+00
+92.4000E-03,+13.2226563E+00,+3.6093750E+00
+92.7000E-03,+13.2617188E+00,+3.6152344E+00
+93.0000E-03,+13.2812500E+00,+3.6152344E+00
+93.3000E-03,+13.2812500E+00,+3.6093750E+00
+93.6000E-03,+13.3007813E+00,+3.6152344E+00
+93.9000E-03,+13.3203125E+00,+3.6152344E+00
+94.2000E-03,+13.3398438E+00,+3.6093750E+00
+94.5000E-03,+13.3593750E+00,+3.6152344E+00
+94.8000E-03,+13.3789063E+00,+3.6093750E+00
+95.1000E-03,+13.3984375E+00,+3.6152344E+00
+95.4000E-03,+13.4179688E+00,+3.6093750E+00
+95.7000E-03,+13.4375000E+00,+3.6093750E+00
+96.0000E-03,+13.4570313E+00,+3.6035156E+00
+96.3000E-03,+13.4570313E+00,+3.6093750E+00
+96.6000E-03,+13.4960938E+00,+3.6035156E+00
+96.9000E-03,+13.5156250E+00,+3.6152344E+00
+97.2000E-03,+13.5351563E+00,+3.6152344E+00
+97.5000E-03,+13.5546875E+00,+3.6093750E+00
+97.8000E-03,+13.5546875E+00,+3.6035156E+00
+98.1000E-03,+13.5742188E+00,+3.6035156E+00
+98.4000E-03,+13.5937500E+00,+3.6035156E+00
+98.7000E-03,+13.6132813E+00,+3.5976563E+00
+99.0000E-03,+13.6328125E+00,+3.6093750E+00
+99.3000E-03,+13.6523438E+00,+3.6035156E+00
+99.6000E-03,+13.6718750E+00,+3.6035156E+00
+99.9000E-03,+13.6718750E+00,+3.6035156E+00
+100.2000E-03,+13.6914063E+00,+3.6035156E+00
+100.5000E-03,+13.7109375E+00,+3.6093750E+00
+100.8000E-03,+13.7304688E+00,+3.6035156E+00
+101.1000E-03,+13.7500000E+00,+3.6035156E+00
+101.4000E-03,+13.7695313E+00,+3.6035156E+00
+101.7000E-03,+13.7695313E+00,+3.6035156E+00
+102.0000E-03,+13.7890625E+00,+3.6035156E+00
+102.3000E-03,+13.8085938E+00,+3.6035156E+00
+102.6000E-03,+13.8281250E+00,+3.6093750E+00
+102.9000E-03,+13.8281250E+00,+3.6035156E+00
+103.2000E-03,+13.8476563E+00,+3.6093750E+00
+103.5000E-03,+13.8671875E+00,+3.6152344E+00
+103.8000E-03,+13.8867188E+00,+3.6210937E+00
+104.1000E-03,+13.8867188E+00,+3.6152344E+00
+104.4000E-03,+13.9062500E+00,+3.6093750E+00
+104.7000E-03,+13.9062500E+00,+3.6035156E+00
+105.0000E-03,+13.9257813E+00,+3.6093750E+00
+105.3000E-03,+13.9453125E+00,+3.6093750E+00
+105.6000E-03,+13.9453125E+00,+3.6152344E+00
+105.9000E-03,+13.9648438E+00,+3.6152344E+00
+106.2000E-03,+13.9648438E+00,+3.6152344E+00
+106.5000E-03,+13.9843750E+00,+3.6093750E+00
+106.8000E-03,+14.0039063E+00,+3.6210937E+00
+107.1000E-03,+14.0039063E+00,+3.6152344E+00
+107.4000E-03,+14.0039063E+00,+3.6093750E+00
+107.7000E-03,+14.0234375E+00,+3.6152344E+00
+108.0000E-03,+14.0429688E+00,+3.6152344E+00
+108.3000E-03,+14.0429688E+00,+3.6093750E+00
+108.6000E-03,+14.0625000E+00,+3.6093750E+00
+108.9000E-03,+14.0625000E+00,+3.6210937E+00
+109.2000E-03,+14.0820313E+00,+3.6210938E+00
+109.5000E-03,+14.0820313E+00,+3.6152344E+00
+109.8000E-03,+14.0820313E+00,+3.6152344E+00
+110.1000E-03,+14.1015625E+00,+3.6210937E+00
+110.4000E-03,+14.1015625E+00,+3.6152344E+00
+110.7000E-03,+14.1210938E+00,+3.6152344E+00
+111.0000E-03,+14.1210938E+00,+3.6152344E+00
+111.3000E-03,+14.1406250E+00,+3.6152344E+00
+111.6000E-03,+14.1601563E+00,+3.6210937E+00
+111.9000E-03,+14.1601563E+00,+3.6152344E+00
+112.2000E-03,+14.1601563E+00,+3.6152344E+00
+112.5000E-03,+14.1796875E+00,+3.6152344E+00
+112.8000E-03,+14.1796875E+00,+3.6152344E+00
+113.1000E-03,+14.1992188E+00,+3.6152344E+00
+113.4000E-03,+14.1992188E+00,+3.6152344E+00
+113.7000E-03,+14.2187500E+00,+3.6152344E+00
+114.0000E-03,+14.2187500E+00,+3.6152344E+00
+114.3000E-03,+14.2187500E+00,+3.6152344E+00
+114.6000E-03,+14.2382813E+00,+3.6152344E+00
+114.9000E-03,+14.2382813E+00,+3.6093750E+00
+115.2000E-03,+14.2578125E+00,+3.6210937E+00
+115.5000E-03,+14.2578125E+00,+3.6210938E+00
+115.8000E-03,+14.2773438E+00,+3.6210938E+00
+116.1000E-03,+14.2773438E+00,+3.6152344E+00
+116.4000E-03,+14.2773438E+00,+3.6210937E+00
+116.7000E-03,+14.2968750E+00,+3.6152344E+00
+117.0000E-03,+14.2968750E+00,+3.6210937E+00
+117.3000E-03,+14.2968750E+00,+3.6152344E+00
+117.6000E-03,+14.2968750E+00,+3.6210937E+00
+117.9000E-03,+14.3164063E+00,+3.6152344E+00
+118.2000E-03,+14.3164063E+00,+3.6210937E+00
+118.5000E-03,+14.3164063E+00,+3.6210938E+00
+118.8000E-03,+14.3359375E+00,+3.6152344E+00
+119.1000E-03,+14.3359375E+00,+3.6210937E+00
+119.4000E-03,+14.3554688E+00,+3.6152344E+00
+119.7000E-03,+14.3554688E+00,+3.6210937E+00
+120.0000E-03,+14.3554688E+00,+3.6210938E+00
+120.3000E-03,+14.3750000E+00,+3.6210938E+00
+120.6000E-03,+14.3554688E+00,+3.6210938E+00
+120.9000E-03,+14.3750000E+00,+3.6152344E+00
+121.2000E-03,+14.3750000E+00,+3.6210937E+00
+121.5000E-03,+14.3750000E+00,+3.6152344E+00
+121.8000E-03,+14.3945313E+00,+3.6210937E+00
+122.1000E-03,+14.3945313E+00,+3.6152344E+00
+122.4000E-03,+14.3945313E+00,+3.6210937E+00
+122.7000E-03,+14.3945313E+00,+3.6152344E+00
+123.0000E-03,+14.4140625E+00,+3.6152344E+00
+123.3000E-03,+14.4140625E+00,+3.6152344E+00
+123.6000E-03,+14.4140625E+00,+3.6093750E+00
+123.9000E-03,+14.4140625E+00,+3.6152344E+00
+124.2000E-03,+14.4335938E+00,+3.6210937E+00
+124.5000E-03,+14.4335938E+00,+3.6093750E+00
+124.8000E-03,+14.4335938E+00,+3.6152344E+00
+125.1000E-03,+14.4335938E+00,+3.6152344E+00
+125.4000E-03,+14.4335938E+00,+3.6093750E+00
+125.7000E-03,+14.4531250E+00,+3.6093750E+00
+126.0000E-03,+14.4531250E+00,+3.6035156E+00
+126.3000E-03,+14.4531250E+00,+3.6152344E+00
+126.6000E-03,+14.4726562E+00,+3.6152344E+00
+126.9000E-03,+14.4531250E+00,+3.6093750E+00
+127.2000E-03,+14.4726562E+00,+3.6152344E+00
+127.5000E-03,+14.4726563E+00,+3.6093750E+00
+127.8000E-03,+14.4726563E+00,+3.6093750E+00
+128.1000E-03,+14.4921875E+00,+3.6152344E+00
+128.4000E-03,+14.4921875E+00,+3.6152344E+00
+128.7000E-03,+14.4921875E+00,+3.6152344E+00
+129.0000E-03,+14.4921875E+00,+3.6093750E+00
+129.3000E-03,+14.4921875E+00,+3.6210937E+00
+129.6000E-03,+14.4921875E+00,+3.6152344E+00
+129.9000E-03,+14.4921875E+00,+3.6152344E+00
+130.2000E-03,+14.5117187E+00,+3.6210937E+00
+130.5000E-03,+14.5117188E+00,+3.6210938E+00
+130.8000E-03,+14.5117188E+00,+3.6152344E+00
+131.1000E-03,+14.5117188E+00,+3.6210937E+00
+131.4000E-03,+14.5117188E+00,+3.6152344E+00
+131.7000E-03,+14.5312500E+00,+3.6210937E+00
+132.0000E-03,+14.5312500E+00,+3.6152344E+00
+132.3000E-03,+14.5312500E+00,+3.6210937E+00
+132.6000E-03,+14.5312500E+00,+3.6152344E+00
+132.9000E-03,+14.5312500E+00,+3.6152344E+00
+133.2000E-03,+14.5312500E+00,+3.6152344E+00
+133.5000E-03,+14.5312500E+00,+3.6152344E+00
+133.8000E-03,+14.5507812E+00,+3.6152344E+00
+134.1000E-03,+14.5507813E+00,+3.6093750E+00
+134.4000E-03,+14.5507813E+00,+3.6152344E+00
+134.7000E-03,+14.5507813E+00,+3.6152344E+00
+135.0000E-03,+14.5703125E+00,+3.6152344E+00
+135.3000E-03,+14.5703125E+00,+3.6152344E+00
+135.6000E-03,+14.5703125E+00,+3.6152344E+00
+135.9000E-03,+14.5703125E+00,+3.6152344E+00
+136.2000E-03,+14.5898437E+00,+3.6152344E+00
+136.5000E-03,+14.5703125E+00,+3.6152344E+00
+136.8000E-03,+14.5898437E+00,+3.6152344E+00
+137.1000E-03,+14.5898438E+00,+3.6152344E+00
+137.4000E-03,+14.5898438E+00,+3.6152344E+00
+137.7000E-03,+14.5703125E+00,+3.6035156E+00
+138.0000E-03,+14.5898437E+00,+3.6093750E+00
+138.3000E-03,+14.5898438E+00,+3.6152344E+00
+138.6000E-03,+14.5898438E+00,+3.6093750E+00
+138.9000E-03,+14.5898438E+00,+3.6093750E+00
+139.2000E-03,+14.6093750E+00,+3.6152344E+00
+139.5000E-03,+14.6093750E+00,+3.6093750E+00
+139.8000E-03,+14.6093750E+00,+3.6093750E+00
+140.1000E-03,+14.6093750E+00,+3.6093750E+00
+140.4000E-03,+14.6093750E+00,+3.6093750E+00
+140.7000E-03,+14.6093750E+00,+3.6152344E+00
+141.0000E-03,+14.6093750E+00,+3.6152344E+00
+141.3000E-03,+14.6093750E+00,+3.6152344E+00
+141.6000E-03,+14.6093750E+00,+3.6152344E+00
+141.9000E-03,+14.6093750E+00,+3.6152344E+00
+142.2000E-03,+14.6093750E+00,+3.6152344E+00
+142.5000E-03,+14.6093750E+00,+3.6152344E+00
+142.8000E-03,+14.6289062E+00,+3.6210937E+00
+143.1000E-03,+14.6093750E+00,+3.6210938E+00
+143.4000E-03,+14.6289062E+00,+3.6152344E+00
+143.7000E-03,+14.6289063E+00,+3.6152344E+00
+144.0000E-03,+14.6289063E+00,+3.6210937E+00
+144.3000E-03,+14.6289063E+00,+3.6152344E+00
+144.6000E-03,+14.6289063E+00,+3.6093750E+00
+144.9000E-03,+14.6289063E+00,+3.6152344E+00
+145.2000E-03,+14.6289063E+00,+3.6152344E+00
+145.5000E-03,+14.6289063E+00,+3.6152344E+00
+145.8000E-03,+14.6484375E+00,+3.6152344E+00
+146.1000E-03,+14.6484375E+00,+3.6093750E+00
+146.4000E-03,+14.6484375E+00,+3.6152344E+00
+146.7000E-03,+14.6484375E+00,+3.6093750E+00
+147.0000E-03,+14.6484375E+00,+3.6035156E+00
+147.3000E-03,+14.6484375E+00,+3.6152344E+00
+147.6000E-03,+14.6484375E+00,+3.6152344E+00
+147.9000E-03,+14.6484375E+00,+3.6152344E+00
+148.2000E-03,+14.6484375E+00,+3.6210937E+00
+148.5000E-03,+14.6484375E+00,+3.6152344E+00
+148.8000E-03,+14.6484375E+00,+3.6152344E+00
+149.1000E-03,+14.6484375E+00,+3.6152344E+00
+149.4000E-03,+14.6484375E+00,+3.6152344E+00
+149.7000E-03,+14.6484375E+00,+3.6152344E+00
+150.0000E-03,+14.6484375E+00,+3.6152344E+00
+150.3000E-03,+14.6484375E+00,+3.6093750E+00
+150.6000E-03,+14.6679687E+00,+3.6093750E+00
+150.9000E-03,+14.6679688E+00,+3.6093750E+00
+151.2000E-03,+14.6484375E+00,+3.6093750E+00
+151.5000E-03,+14.6679687E+00,+3.6152344E+00
+151.8000E-03,+14.6679688E+00,+3.6152344E+00
+152.1000E-03,+14.6679688E+00,+3.6093750E+00
+152.4000E-03,+14.6679688E+00,+3.6035156E+00
+152.7000E-03,+14.6679688E+00,+3.6093750E+00
+153.0000E-03,+14.6679688E+00,+3.6093750E+00
+153.3000E-03,+14.6679688E+00,+3.6152344E+00
+153.6000E-03,+14.6679688E+00,+3.6152344E+00
+153.9000E-03,+14.6679688E+00,+3.6093750E+00
+154.2000E-03,+14.6679688E+00,+3.6035156E+00
+154.5000E-03,+14.6679688E+00,+3.6093750E+00
+154.8000E-03,+14.6679688E+00,+3.6093750E+00
+155.1000E-03,+14.6679688E+00,+3.6152344E+00
+155.4000E-03,+14.6875000E+00,+3.6093750E+00
+155.7000E-03,+14.6875000E+00,+3.6093750E+00
+156.0000E-03,+14.6679688E+00,+3.6152344E+00
+156.3000E-03,+14.6679688E+00,+3.6093750E+00
+156.6000E-03,+14.6679688E+00,+3.6152344E+00
+156.9000E-03,+14.6875000E+00,+3.6152344E+00
+157.2000E-03,+14.6875000E+00,+3.6152344E+00
+157.5000E-03,+14.6875000E+00,+3.6093750E+00
+157.8000E-03,+14.6875000E+00,+3.6093750E+00
+158.1000E-03,+14.6875000E+00,+3.6152344E+00
+158.4000E-03,+14.6875000E+00,+3.6093750E+00
+158.7000E-03,+14.6875000E+00,+3.6035156E+00
+159.0000E-03,+14.6875000E+00,+3.6035156E+00
+159.3000E-03,+14.6875000E+00,+3.6035156E+00
+159.6000E-03,+14.6875000E+00,+3.6093750E+00
+159.9000E-03,+14.6875000E+00,+3.6093750E+00
+160.2000E-03,+14.6875000E+00,+3.6093750E+00
+160.5000E-03,+14.6875000E+00,+3.6093750E+00
+160.8000E-03,+14.6875000E+00,+3.6035156E+00
+161.1000E-03,+14.6875000E+00,+3.6035156E+00
+161.4000E-03,+14.6875000E+00,+3.6035156E+00
+161.7000E-03,+14.6875000E+00,+3.6093750E+00
+162.0000E-03,+14.6875000E+00,+3.6035156E+00
+162.3000E-03,+14.6875000E+00,+3.6093750E+00
+162.6000E-03,+14.7070312E+00,+3.6035156E+00
+162.9000E-03,+14.6875000E+00,+3.6035156E+00
+163.2000E-03,+14.7070312E+00,+3.6093750E+00
+163.5000E-03,+14.7070313E+00,+3.6035156E+00
+163.8000E-03,+14.7070313E+00,+3.6035156E+00
+164.1000E-03,+14.7070313E+00,+3.6152344E+00
+164.4000E-03,+14.7070313E+00,+3.6152344E+00
+164.7000E-03,+14.7070313E+00,+3.6093750E+00
+165.0000E-03,+14.7070313E+00,+3.6093750E+00
+165.3000E-03,+14.7070313E+00,+3.6152344E+00
+165.6000E-03,+14.7070313E+00,+3.6093750E+00
+165.9000E-03,+14.7070313E+00,+3.6093750E+00
+166.2000E-03,+14.7070313E+00,+3.6152344E+00
+166.5000E-03,+14.7070313E+00,+3.6093750E+00
+166.8000E-03,+14.7070313E+00,+3.6093750E+00
+167.1000E-03,+14.7070313E+00,+3.6152344E+00
+167.4000E-03,+14.7070313E+00,+3.6035156E+00
+167.7000E-03,+14.7070313E+00,+3.6093750E+00
+168.0000E-03,+14.7070313E+00,+3.6093750E+00
+168.3000E-03,+14.7070313E+00,+3.6152344E+00
+168.6000E-03,+14.7070313E+00,+3.6152344E+00
+168.9000E-03,+14.7070313E+00,+3.6152344E+00
+169.2000E-03,+14.7070313E+00,+3.6093750E+00
+169.5000E-03,+14.7070313E+00,+3.6152344E+00
+169.8000E-03,+14.7070313E+00,+3.6152344E+00
+170.1000E-03,+14.7070313E+00,+3.6152344E+00
+170.4000E-03,+14.7070313E+00,+3.6093750E+00
+170.7000E-03,+14.7070313E+00,+3.6093750E+00
+171.0000E-03,+14.7070313E+00,+3.6093750E+00
+171.3000E-03,+14.7265625E+00,+3.6093750E+00
+171.6000E-03,+14.7265625E+00,+3.6152344E+00
+171.9000E-03,+14.7070313E+00,+3.6152344E+00
+172.2000E-03,+14.7070313E+00,+3.6093750E+00
+172.5000E-03,+14.7070313E+00,+3.6093750E+00
+172.8000E-03,+14.7265625E+00,+3.6152344E+00
+173.1000E-03,+14.7265625E+00,+3.6093750E+00
+173.4000E-03,+14.7265625E+00,+3.6152344E+00
+173.7000E-03,+14.7265625E+00,+3.6152344E+00
+174.0000E-03,+14.7265625E+00,+3.6152344E+00
+174.3000E-03,+14.7265625E+00,+3.6152344E+00
+174.6000E-03,+14.7265625E+00,+3.6210937E+00
+174.9000E-03,+14.7265625E+00,+3.6093750E+00
+175.2000E-03,+14.7265625E+00,+3.6093750E+00
+175.5000E-03,+14.7265625E+00,+3.6093750E+00
+175.8000E-03,+14.7265625E+00,+3.6152344E+00
+176.1000E-03,+14.7265625E+00,+3.6152344E+00
+176.4000E-03,+14.7265625E+00,+3.6093750E+00
+176.7000E-03,+14.7265625E+00,+3.6093750E+00
+177.0000E-03,+14.7265625E+00,+3.6152344E+00
+177.3000E-03,+14.7265625E+00,+3.6152344E+00
+177.6000E-03,+14.7265625E+00,+3.6093750E+00
+177.9000E-03,+14.7265625E+00,+3.6093750E+00
+178.2000E-03,+14.7265625E+00,+3.6093750E+00
+178.5000E-03,+14.7265625E+00,+3.6093750E+00
+178.8000E-03,+14.7265625E+00,+3.6152344E+00
+179.1000E-03,+14.7265625E+00,+3.6035156E+00
+179.4000E-03,+14.7265625E+00,+3.6093750E+00
+179.7000E-03,+14.7265625E+00,+3.6035156E+00
+180.0000E-03,+14.7265625E+00,+3.6093750E+00
+180.3000E-03,+14.7265625E+00,+3.6093750E+00
+180.6000E-03,+14.7265625E+00,+3.6152344E+00
+180.9000E-03,+14.7265625E+00,+3.6152344E+00
+181.2000E-03,+14.7265625E+00,+3.6152344E+00
+181.5000E-03,+14.7265625E+00,+3.6210937E+00
+181.8000E-03,+14.7265625E+00,+3.6152344E+00
+182.1000E-03,+14.7265625E+00,+3.6093750E+00
+182.4000E-03,+14.7460937E+00,+3.6093750E+00
+182.7000E-03,+14.7460938E+00,+3.6093750E+00
+183.0000E-03,+14.7265625E+00,+3.6152344E+00
+183.3000E-03,+14.7460937E+00,+3.6152344E+00
+183.6000E-03,+14.7265625E+00,+3.6152344E+00
+183.9000E-03,+14.7265625E+00,+3.6093750E+00
+184.2000E-03,+14.7265625E+00,+3.6093750E+00
+184.5000E-03,+14.7265625E+00,+3.6152344E+00
+184.8000E-03,+14.7460937E+00,+3.6152344E+00
+185.1000E-03,+14.7265625E+00,+3.6093750E+00
+185.4000E-03,+14.7265625E+00,+3.6152344E+00
+185.7000E-03,+14.7265625E+00,+3.6093750E+00
+186.0000E-03,+14.7265625E+00,+3.6093750E+00
+186.3000E-03,+14.7265625E+00,+3.6093750E+00
+186.6000E-03,+14.7460937E+00,+3.6093750E+00
+186.9000E-03,+14.7460938E+00,+3.6093750E+00
+187.2000E-03,+14.7265625E+00,+3.6093750E+00
+187.5000E-03,+14.7265625E+00,+3.6093750E+00
+187.8000E-03,+14.7265625E+00,+3.6093750E+00
+188.1000E-03,+14.7265625E+00,+3.6093750E+00
+188.4000E-03,+14.7265625E+00,+3.6152344E+00
+188.7000E-03,+14.7265625E+00,+3.6152344E+00
+189.0000E-03,+14.7460937E+00,+3.6093750E+00
+189.3000E-03,+14.7460938E+00,+3.6093750E+00
+189.6000E-03,+14.7460938E+00,+3.6093750E+00
+189.9000E-03,+14.7460938E+00,+3.6093750E+00
+190.2000E-03,+14.7460938E+00,+3.6093750E+00
+190.5000E-03,+14.7460938E+00,+3.6093750E+00
+190.8000E-03,+14.7460938E+00,+3.6093750E+00
+191.1000E-03,+14.7460938E+00,+3.6093750E+00
+191.4000E-03,+14.7460938E+00,+3.6093750E+00
+191.7000E-03,+14.7460938E+00,+3.6093750E+00
+192.0000E-03,+14.7460938E+00,+3.6093750E+00
+192.3000E-03,+14.7265625E+00,+3.6093750E+00
+192.6000E-03,+14.7265625E+00,+3.6152344E+00
+192.9000E-03,+14.7460937E+00,+3.6035156E+00
+193.2000E-03,+14.7460938E+00,+3.6093750E+00
+193.5000E-03,+14.7460938E+00,+3.6093750E+00
+193.8000E-03,+14.7460938E+00,+3.6152344E+00
+194.1000E-03,+14.7460938E+00,+3.6093750E+00
+194.4000E-03,+14.7265625E+00,+3.6093750E+00
+194.7000E-03,+14.7265625E+00,+3.6093750E+00
+195.0000E-03,+14.7460937E+00,+3.6152344E+00
+195.3000E-03,+14.7460938E+00,+3.6152344E+00
+195.6000E-03,+14.7460938E+00,+3.6152344E+00
+195.9000E-03,+14.7265625E+00,+3.6152344E+00
+196.2000E-03,+14.7265625E+00,+3.6093750E+00
+196.5000E-03,+14.7460937E+00,+3.6093750E+00
+196.8000E-03,+14.7265625E+00,+3.6093750E+00
+197.1000E-03,+14.7460937E+00,+3.6093750E+00
+197.4000E-03,+14.7460938E+00,+3.6152344E+00
+197.7000E-03,+14.7460938E+00,+3.6152344E+00
+198.0000E-03,+14.7460938E+00,+3.6093750E+00
+198.3000E-03,+14.7460938E+00,+3.6093750E+00
+198.6000E-03,+14.7460938E+00,+3.6152344E+00
+198.9000E-03,+14.7460938E+00,+3.6093750E+00
+199.2000E-03,+14.7265625E+00,+3.6093750E+00
+199.5000E-03,+14.7460937E+00,+3.6093750E+00
+199.8000E-03,+14.7460938E+00,+3.6093750E+00
+200.1000E-03,+14.7460938E+00,+3.6093750E+00
+200.4000E-03,+14.7460938E+00,+3.6093750E+00
+200.7000E-03,+14.7460938E+00,+3.6093750E+00
+201.0000E-03,+14.7460938E+00,+3.6093750E+00
+201.3000E-03,+14.7460938E+00,+3.6035156E+00
+201.6000E-03,+14.7460938E+00,+3.6035156E+00
+201.9000E-03,+14.7460938E+00,+3.6093750E+00
+202.2000E-03,+14.7460938E+00,+3.6093750E+00
+202.5000E-03,+14.7460938E+00,+3.6035156E+00
+202.8000E-03,+14.7460938E+00,+3.5976563E+00
+203.1000E-03,+14.7460938E+00,+3.6035156E+00
+203.4000E-03,+14.7460938E+00,+3.5976563E+00
+203.7000E-03,+14.7460938E+00,+3.6035156E+00
+204.0000E-03,+14.7460938E+00,+3.6035156E+00
+204.3000E-03,+14.7460938E+00,+3.6093750E+00
+204.6000E-03,+14.7460938E+00,+3.6035156E+00
+204.9000E-03,+14.7460938E+00,+3.5976563E+00
+205.2000E-03,+14.7460938E+00,+3.5976563E+00
+205.5000E-03,+14.7460938E+00,+3.6035156E+00
+205.8000E-03,+14.7460938E+00,+3.6035156E+00
+206.1000E-03,+14.7460938E+00,+3.5976563E+00
+206.4000E-03,+14.7460938E+00,+3.6093750E+00
+206.7000E-03,+14.7460938E+00,+3.5976563E+00
+207.0000E-03,+14.7460938E+00,+3.6035156E+00
+207.3000E-03,+14.7460938E+00,+3.6035156E+00
+207.6000E-03,+14.7460938E+00,+3.6035156E+00
+207.9000E-03,+14.7460938E+00,+3.6035156E+00
+208.2000E-03,+14.7460938E+00,+3.5976563E+00
+208.5000E-03,+14.7460938E+00,+3.5976563E+00
+208.8000E-03,+14.7460938E+00,+3.6035156E+00
+209.1000E-03,+14.7460938E+00,+3.6035156E+00
+209.4000E-03,+14.7460938E+00,+3.6035156E+00
+209.7000E-03,+14.7460938E+00,+3.6093750E+00
+210.0000E-03,+14.7460938E+00,+3.5976563E+00
+210.3000E-03,+14.7460938E+00,+3.6035156E+00
+210.6000E-03,+14.7460938E+00,+3.6093750E+00
+210.9000E-03,+14.7460938E+00,+3.6035156E+00
+211.2000E-03,+14.7460938E+00,+3.5917969E+00
+211.5000E-03,+14.7460938E+00,+3.5976562E+00
+211.8000E-03,+14.7460938E+00,+3.6035156E+00
+212.1000E-03,+14.7460938E+00,+3.6035156E+00
+212.4000E-03,+14.7460938E+00,+3.5976563E+00
+212.7000E-03,+14.7460938E+00,+3.6093750E+00
+213.0000E-03,+14.7460938E+00,+3.6035156E+00
+213.3000E-03,+14.7460938E+00,+3.6035156E+00
+213.6000E-03,+14.7460938E+00,+3.6035156E+00
+213.9000E-03,+14.7460938E+00,+3.5976563E+00
+214.2000E-03,+14.7460938E+00,+3.6035156E+00
+214.5000E-03,+14.7460938E+00,+3.6093750E+00
+214.8000E-03,+14.7460938E+00,+3.6035156E+00
+215.1000E-03,+14.7460938E+00,+3.6035156E+00
+215.4000E-03,+14.7460938E+00,+3.6152344E+00
+215.7000E-03,+14.7656250E+00,+3.6093750E+00
+216.0000E-03,+14.7460938E+00,+3.6093750E+00
+216.3000E-03,+14.7656250E+00,+3.6035156E+00
+216.6000E-03,+14.7460938E+00,+3.6035156E+00
+216.9000E-03,+14.7460938E+00,+3.6093750E+00
+217.2000E-03,+14.7460938E+00,+3.6035156E+00
+217.5000E-03,+14.7460938E+00,+3.6035156E+00
+217.8000E-03,+14.7460938E+00,+3.6093750E+00
+218.1000E-03,+14.7460938E+00,+3.6093750E+00
+218.4000E-03,+14.7460938E+00,+3.6093750E+00
+218.7000E-03,+14.7460938E+00,+3.6035156E+00
+219.0000E-03,+14.7460938E+00,+3.6035156E+00
+219.3000E-03,+14.7460938E+00,+3.6035156E+00
+219.6000E-03,+14.7460938E+00,+3.6093750E+00
+219.9000E-03,+14.7460938E+00,+3.6093750E+00
+220.2000E-03,+14.7460938E+00,+3.6093750E+00
+220.5000E-03,+14.7656250E+00,+3.6093750E+00
+220.8000E-03,+14.7460938E+00,+3.6152344E+00
+221.1000E-03,+14.7460938E+00,+3.6093750E+00
+221.4000E-03,+14.7460938E+00,+3.6152344E+00
+221.7000E-03,+14.7460938E+00,+3.6093750E+00
+222.0000E-03,+14.7460938E+00,+3.6152344E+00
+222.3000E-03,+14.7460938E+00,+3.6093750E+00
+222.6000E-03,+14.7460938E+00,+3.6093750E+00
+222.9000E-03,+14.7656250E+00,+3.6093750E+00
+223.2000E-03,+14.7656250E+00,+3.6152344E+00
+223.5000E-03,+14.7656250E+00,+3.6152344E+00
+223.8000E-03,+14.7460938E+00,+3.6093750E+00
+224.1000E-03,+14.7460938E+00,+3.6093750E+00
+224.4000E-03,+14.7460938E+00,+3.6093750E+00
+224.7000E-03,+14.7460938E+00,+3.6093750E+00
+225.0000E-03,+14.7460938E+00,+3.6093750E+00
+225.3000E-03,+14.7460938E+00,+3.6035156E+00
+225.6000E-03,+14.7460938E+00,+3.6035156E+00
+225.9000E-03,+14.7460938E+00,+3.6035156E+00
+226.2000E-03,+14.7460938E+00,+3.6035156E+00
+226.5000E-03,+14.7460938E+00,+3.6093750E+00
+226.8000E-03,+14.7460938E+00,+3.6093750E+00
+227.1000E-03,+14.7656250E+00,+3.6093750E+00
+227.4000E-03,+14.7460938E+00,+3.6093750E+00
+227.7000E-03,+14.7460938E+00,+3.6035156E+00
+228.0000E-03,+14.7460938E+00,+3.6093750E+00
+228.3000E-03,+14.7656250E+00,+3.6035156E+00
+228.6000E-03,+14.7460938E+00,+3.6093750E+00
+228.9000E-03,+14.7460938E+00,+3.6093750E+00
+229.2000E-03,+14.7460938E+00,+3.6093750E+00
+229.5000E-03,+14.7460938E+00,+3.6035156E+00
+229.8000E-03,+14.7460938E+00,+3.6035156E+00
+230.1000E-03,+14.7460938E+00,+3.6093750E+00
+230.4000E-03,+14.7460938E+00,+3.6093750E+00
+230.7000E-03,+14.7460938E+00,+3.6093750E+00
+231.0000E-03,+14.7460938E+00,+3.6093750E+00
+231.3000E-03,+14.7460938E+00,+3.6093750E+00
+231.6000E-03,+14.7460938E+00,+3.6093750E+00
+231.9000E-03,+14.7460938E+00,+3.6093750E+00
+232.2000E-03,+14.7460938E+00,+3.6093750E+00
+232.5000E-03,+14.7460938E+00,+3.6035156E+00
+232.8000E-03,+14.7460938E+00,+3.6093750E+00
+233.1000E-03,+14.7460938E+00,+3.6093750E+00
+233.4000E-03,+14.7460938E+00,+3.6152344E+00
+233.7000E-03,+14.7656250E+00,+3.6152344E+00
+234.0000E-03,+14.7460938E+00,+3.6093750E+00
+234.3000E-03,+14.7460938E+00,+3.6093750E+00
+234.6000E-03,+14.7460938E+00,+3.6093750E+00
+234.9000E-03,+14.7656250E+00,+3.6093750E+00
+235.2000E-03,+14.7656250E+00,+3.6152344E+00
+235.5000E-03,+14.7656250E+00,+3.6152344E+00
+235.8000E-03,+14.7460938E+00,+3.6152344E+00
+236.1000E-03,+14.7656250E+00,+3.6152344E+00
+236.4000E-03,+14.7656250E+00,+3.6152344E+00
+236.7000E-03,+14.7656250E+00,+3.6093750E+00
+237.0000E-03,+14.7656250E+00,+3.6093750E+00
+237.3000E-03,+14.7656250E+00,+3.6210937E+00
+237.6000E-03,+14.7656250E+00,+3.6152344E+00
+237.9000E-03,+14.7656250E+00,+3.6093750E+00
+238.2000E-03,+14.7656250E+00,+3.6152344E+00
+238.5000E-03,+14.7656250E+00,+3.6093750E+00
+238.8000E-03,+14.7656250E+00,+3.6093750E+00
+239.1000E-03,+14.7656250E+00,+3.6093750E+00
+239.4000E-03,+14.7656250E+00,+3.6152344E+00
+239.7000E-03,+14.7656250E+00,+3.6152344E+00
+240.0000E-03,+14.7656250E+00,+3.6152344E+00
+240.3000E-03,+14.7656250E+00,+3.6093750E+00
+240.6000E-03,+14.7656250E+00,+3.6093750E+00
+240.9000E-03,+14.7656250E+00,+3.6093750E+00
+241.2000E-03,+14.7656250E+00,+3.6152344E+00
+241.5000E-03,+14.7656250E+00,+3.6152344E+00
+241.8000E-03,+14.7656250E+00,+3.6210937E+00
+242.1000E-03,+14.7460938E+00,+3.6210938E+00
+242.4000E-03,+14.7460938E+00,+3.6093750E+00
+242.7000E-03,+14.7656250E+00,+3.6093750E+00
+243.0000E-03,+14.7656250E+00,+3.6093750E+00
+243.3000E-03,+14.7656250E+00,+3.6210937E+00
+243.6000E-03,+14.7656250E+00,+3.6210938E+00
+243.9000E-03,+14.7460938E+00,+3.6152344E+00
+244.2000E-03,+14.7656250E+00,+3.6152344E+00
+244.5000E-03,+14.7460938E+00,+3.6152344E+00
+244.8000E-03,+14.7460938E+00,+3.6093750E+00
+245.1000E-03,+14.7460938E+00,+3.6152344E+00
+245.4000E-03,+14.7656250E+00,+3.6152344E+00
+245.7000E-03,+14.7656250E+00,+3.6210937E+00
+246.0000E-03,+14.7656250E+00,+3.6210938E+00
+246.3000E-03,+14.7460938E+00,+3.6210938E+00
+246.6000E-03,+14.7460938E+00,+3.6093750E+00
+246.9000E-03,+14.7656250E+00,+3.6093750E+00
+247.2000E-03,+14.7656250E+00,+3.6152344E+00
+247.5000E-03,+14.7656250E+00,+3.6152344E+00
+247.8000E-03,+14.7656250E+00,+3.6152344E+00
+248.1000E-03,+14.7656250E+00,+3.6152344E+00
+248.4000E-03,+14.7656250E+00,+3.6093750E+00
+248.7000E-03,+14.7656250E+00,+3.6152344E+00
+249.0000E-03,+14.7656250E+00,+3.6093750E+00
+249.3000E-03,+14.7656250E+00,+3.6152344E+00
+249.6000E-03,+14.7656250E+00,+3.6152344E+00
+249.9000E-03,+14.7656250E+00,+3.6093750E+00
+250.2000E-03,+14.7656250E+00,+3.6152344E+00
+250.5000E-03,+14.7656250E+00,+3.6152344E+00
+250.8000E-03,+14.7656250E+00,+3.6093750E+00
+251.1000E-03,+14.7656250E+00,+3.6093750E+00
+251.4000E-03,+14.7656250E+00,+3.6093750E+00
+251.7000E-03,+14.7656250E+00,+3.6093750E+00
+252.0000E-03,+14.7656250E+00,+3.6093750E+00
+252.3000E-03,+14.7656250E+00,+3.6093750E+00
+252.6000E-03,+14.7656250E+00,+3.6152344E+00
+252.9000E-03,+14.7656250E+00,+3.6093750E+00
+253.2000E-03,+14.7656250E+00,+3.6152344E+00
+253.5000E-03,+14.7656250E+00,+3.6093750E+00
+253.8000E-03,+14.7656250E+00,+3.6152344E+00
+254.1000E-03,+14.7656250E+00,+3.6093750E+00
+254.4000E-03,+14.7656250E+00,+3.6152344E+00
+254.7000E-03,+14.7656250E+00,+3.6210937E+00
+255.0000E-03,+14.7656250E+00,+3.6152344E+00
+255.3000E-03,+14.7656250E+00,+3.6152344E+00
+255.6000E-03,+14.7656250E+00,+3.6152344E+00
+255.9000E-03,+14.7656250E+00,+3.6152344E+00
+256.2000E-03,+14.7656250E+00,+3.6210937E+00
+256.5000E-03,+14.7656250E+00,+3.6210938E+00
+256.8000E-03,+14.7656250E+00,+3.6152344E+00
+257.1000E-03,+14.7656250E+00,+3.6152344E+00
+257.4000E-03,+14.7656250E+00,+3.6152344E+00
+257.7000E-03,+14.7656250E+00,+3.6093750E+00
+258.0000E-03,+14.7656250E+00,+3.6152344E+00
+258.3000E-03,+14.7656250E+00,+3.6152344E+00
+258.6000E-03,+14.7656250E+00,+3.6152344E+00
+258.9000E-03,+14.7656250E+00,+3.6152344E+00
+259.2000E-03,+14.7656250E+00,+3.6093750E+00
+259.5000E-03,+14.7656250E+00,+3.6152344E+00
+259.8000E-03,+14.7656250E+00,+3.6093750E+00
+260.1000E-03,+14.7656250E+00,+3.6152344E+00
+260.4000E-03,+14.7656250E+00,+3.6152344E+00
+260.7000E-03,+14.7656250E+00,+3.6152344E+00
+261.0000E-03,+14.7656250E+00,+3.6210937E+00
+261.3000E-03,+14.7656250E+00,+3.6093750E+00
+261.6000E-03,+14.7656250E+00,+3.6093750E+00
+261.9000E-03,+14.7656250E+00,+3.6152344E+00
+262.2000E-03,+14.7656250E+00,+3.6152344E+00
+262.5000E-03,+14.7656250E+00,+3.6152344E+00
+262.8000E-03,+14.7656250E+00,+3.6152344E+00
+263.1000E-03,+14.7656250E+00,+3.6152344E+00
+263.4000E-03,+14.7656250E+00,+3.6152344E+00
+263.7000E-03,+14.7656250E+00,+3.6152344E+00
+264.0000E-03,+14.7656250E+00,+3.6093750E+00
+264.3000E-03,+14.7656250E+00,+3.6152344E+00
+264.6000E-03,+14.7656250E+00,+3.6152344E+00
+264.9000E-03,+14.7656250E+00,+3.6152344E+00
+265.2000E-03,+14.7656250E+00,+3.6093750E+00
+265.5000E-03,+14.7460938E+00,+3.6093750E+00
+265.8000E-03,+14.7656250E+00,+3.6093750E+00
+266.1000E-03,+14.7656250E+00,+3.6152344E+00
+266.4000E-03,+14.7656250E+00,+3.6152344E+00
+266.7000E-03,+14.7656250E+00,+3.6152344E+00
+267.0000E-03,+14.7656250E+00,+3.6152344E+00
+267.3000E-03,+14.7656250E+00,+3.6093750E+00
+267.6000E-03,+14.7656250E+00,+3.6093750E+00
+267.9000E-03,+14.7460938E+00,+3.6093750E+00
+268.2000E-03,+14.7460938E+00,+3.6093750E+00
+268.5000E-03,+14.7656250E+00,+3.6093750E+00
+268.8000E-03,+14.7656250E+00,+3.6152344E+00
+269.1000E-03,+14.7656250E+00,+3.6093750E+00
+269.4000E-03,+14.7656250E+00,+3.6093750E+00
+269.7000E-03,+14.7656250E+00,+3.6093750E+00
