x-axis,VREF,VOUT_FILT
second,Volt,Volt
-573.0000E-03,-250.0000E-03,-93.7500E-03
-572.5000E-03,-250.0000E-03,-93.7500E-03
-572.0000E-03,-250.0000E-03,-93.7500E-03
-571.5000E-03,-250.0000E-03,-93.7500E-03
-571.0000E-03,-406.2500E-03,-250.0000E-03
-570.5000E-03,-406.2500E-03,-93.7500E-03
-570.0000E-03,-406.2500E-03,-93.7500E-03
-569.5000E-03,-406.2500E-03,-93.7500E-03
-569.0000E-03,-250.0000E-03,-250.0000E-03
-568.5000E-03,-250.0000E-03,+62.5000E-03
-568.0000E-03,-406.2500E-03,-93.7500E-03
-567.5000E-03,-250.0000E-03,-93.7500E-03
-567.0000E-03,-406.2500E-03,-93.7500E-03
-566.5000E-03,-406.2500E-03,-93.7500E-03
-566.0000E-03,-406.2500E-03,+62.5000E-03
-565.5000E-03,-250.0000E-03,-93.7500E-03
-565.0000E-03,-406.2500E-03,-93.7500E-03
-564.5000E-03,-406.2500E-03,-93.7500E-03
-564.0000E-03,-406.2500E-03,-250.0000E-03
-563.5000E-03,-406.2500E-03,-93.7500E-03
-563.0000E-03,-250.0000E-03,-93.7500E-03
-562.5000E-03,-250.0000E-03,-93.7500E-03
-562.0000E-03,-406.2500E-03,-93.7500E-03
-561.5000E-03,-406.2500E-03,-93.7500E-03
-561.0000E-03,-250.0000E-03,-93.7500E-03
-560.5000E-03,-406.2500E-03,-250.0000E-03
-560.0000E-03,-406.2500E-03,-93.7500E-03
-559.5000E-03,-250.0000E-03,-93.7500E-03
-559.0000E-03,-406.2500E-03,-93.7500E-03
-558.5000E-03,-406.2500E-03,-250.0000E-03
-558.0000E-03,-406.2500E-03,-93.7500E-03
-557.5000E-03,-250.0000E-03,-93.7500E-03
-557.0000E-03,-250.0000E-03,-93.7500E-03
-556.5000E-03,-250.0000E-03,-93.7500E-03
-556.0000E-03,-406.2500E-03,-250.0000E-03
-555.5000E-03,-406.2500E-03,-93.7500E-03
-555.0000E-03,-250.0000E-03,-250.0000E-03
-554.5000E-03,-406.2500E-03,-93.7500E-03
-554.0000E-03,-406.2500E-03,-250.0000E-03
-553.5000E-03,-562.5000E-03,+62.5000E-03
-553.0000E-03,-406.2500E-03,-250.0000E-03
-552.5000E-03,-406.2500E-03,-93.7500E-03
-552.0000E-03,-406.2500E-03,-93.7500E-03
-551.5000E-03,-406.2500E-03,-250.0000E-03
-551.0000E-03,-406.2500E-03,-93.7500E-03
-550.5000E-03,-250.0000E-03,-93.7500E-03
-550.0000E-03,-406.2500E-03,-250.0000E-03
-549.5000E-03,-406.2500E-03,-250.0000E-03
-549.0000E-03,-406.2500E-03,-250.0000E-03
-548.5000E-03,-250.0000E-03,-93.7500E-03
-548.0000E-03,-406.2500E-03,-93.7500E-03
-547.5000E-03,-250.0000E-03,-93.7500E-03
-547.0000E-03,-406.2500E-03,-250.0000E-03
-546.5000E-03,-406.2500E-03,-93.7500E-03
-546.0000E-03,-406.2500E-03,-250.0000E-03
-545.5000E-03,-562.5000E-03,-93.7500E-03
-545.0000E-03,-406.2500E-03,-93.7500E-03
-544.5000E-03,-406.2500E-03,-250.0000E-03
-544.0000E-03,-250.0000E-03,-93.7500E-03
-543.5000E-03,-406.2500E-03,-93.7500E-03
-543.0000E-03,-406.2500E-03,+62.5000E-03
-542.5000E-03,-406.2500E-03,-250.0000E-03
-542.0000E-03,-250.0000E-03,-93.7500E-03
-541.5000E-03,-250.0000E-03,-250.0000E-03
-541.0000E-03,-406.2500E-03,-406.2500E-03
-540.5000E-03,-250.0000E-03,-93.7500E-03
-540.0000E-03,-250.0000E-03,-250.0000E-03
-539.5000E-03,-406.2500E-03,-93.7500E-03
-539.0000E-03,-250.0000E-03,-93.7500E-03
-538.5000E-03,-406.2500E-03,-93.7500E-03
-538.0000E-03,-406.2500E-03,-93.7500E-03
-537.5000E-03,-406.2500E-03,-406.2500E-03
-537.0000E-03,-406.2500E-03,-93.7500E-03
-536.5000E-03,-406.2500E-03,-93.7500E-03
-536.0000E-03,-406.2500E-03,-250.0000E-03
-535.5000E-03,-406.2500E-03,-93.7500E-03
-535.0000E-03,-406.2500E-03,-250.0000E-03
-534.5000E-03,-406.2500E-03,-93.7500E-03
-534.0000E-03,-406.2500E-03,-406.2500E-03
-533.5000E-03,-406.2500E-03,+62.5000E-03
-533.0000E-03,-406.2500E-03,-93.7500E-03
-532.5000E-03,-250.0000E-03,+62.5000E-03
-532.0000E-03,-250.0000E-03,+62.5000E-03
-531.5000E-03,-250.0000E-03,-250.0000E-03
-531.0000E-03,-250.0000E-03,-250.0000E-03
-530.5000E-03,-250.0000E-03,-93.7500E-03
-530.0000E-03,-250.0000E-03,-93.7500E-03
-529.5000E-03,-406.2500E-03,-250.0000E-03
-529.0000E-03,-250.0000E-03,-93.7500E-03
-528.5000E-03,-406.2500E-03,-250.0000E-03
-528.0000E-03,-250.0000E-03,-93.7500E-03
-527.5000E-03,-250.0000E-03,-250.0000E-03
-527.0000E-03,-406.2500E-03,-93.7500E-03
-526.5000E-03,-406.2500E-03,-250.0000E-03
-526.0000E-03,-250.0000E-03,-93.7500E-03
-525.5000E-03,-250.0000E-03,+62.5000E-03
-525.0000E-03,-406.2500E-03,-250.0000E-03
-524.5000E-03,-250.0000E-03,-93.7500E-03
-524.0000E-03,-250.0000E-03,-250.0000E-03
-523.5000E-03,-406.2500E-03,-250.0000E-03
-523.0000E-03,-406.2500E-03,-250.0000E-03
-522.5000E-03,-562.5000E-03,-250.0000E-03
-522.0000E-03,-406.2500E-03,-250.0000E-03
-521.5000E-03,-406.2500E-03,-93.7500E-03
-521.0000E-03,-406.2500E-03,-93.7500E-03
-520.5000E-03,-250.0000E-03,-93.7500E-03
-520.0000E-03,-250.0000E-03,-93.7500E-03
-519.5000E-03,-250.0000E-03,-93.7500E-03
-519.0000E-03,-250.0000E-03,+62.5000E-03
-518.5000E-03,-250.0000E-03,-93.7500E-03
-518.0000E-03,-250.0000E-03,-93.7500E-03
-517.5000E-03,-406.2500E-03,-250.0000E-03
-517.0000E-03,-406.2500E-03,+62.5000E-03
-516.5000E-03,-406.2500E-03,-250.0000E-03
-516.0000E-03,-406.2500E-03,-250.0000E-03
-515.5000E-03,-406.2500E-03,-406.2500E-03
-515.0000E-03,-250.0000E-03,-93.7500E-03
-514.5000E-03,-250.0000E-03,-93.7500E-03
-514.0000E-03,-250.0000E-03,-93.7500E-03
-513.5000E-03,-250.0000E-03,-93.7500E-03
-513.0000E-03,-406.2500E-03,-93.7500E-03
-512.5000E-03,-250.0000E-03,-93.7500E-03
-512.0000E-03,-406.2500E-03,-93.7500E-03
-511.5000E-03,-562.5000E-03,-93.7500E-03
-511.0000E-03,-562.5000E-03,-93.7500E-03
-510.5000E-03,-562.5000E-03,-93.7500E-03
-510.0000E-03,-406.2500E-03,-250.0000E-03
-509.5000E-03,-250.0000E-03,-93.7500E-03
-509.0000E-03,-562.5000E-03,-250.0000E-03
-508.5000E-03,-406.2500E-03,-250.0000E-03
-508.0000E-03,-406.2500E-03,+62.5000E-03
-507.5000E-03,-406.2500E-03,-93.7500E-03
-507.0000E-03,-406.2500E-03,-93.7500E-03
-506.5000E-03,-250.0000E-03,-93.7500E-03
-506.0000E-03,-406.2500E-03,-250.0000E-03
-505.5000E-03,-406.2500E-03,-250.0000E-03
-505.0000E-03,-406.2500E-03,-93.7500E-03
-504.5000E-03,-406.2500E-03,-93.7500E-03
-504.0000E-03,-406.2500E-03,-93.7500E-03
-503.5000E-03,-250.0000E-03,-406.2500E-03
-503.0000E-03,-406.2500E-03,-250.0000E-03
-502.5000E-03,-250.0000E-03,-250.0000E-03
-502.0000E-03,-250.0000E-03,-250.0000E-03
-501.5000E-03,-406.2500E-03,-93.7500E-03
-501.0000E-03,-250.0000E-03,+62.5000E-03
-500.5000E-03,-406.2500E-03,-93.7500E-03
-500.0000E-03,-406.2500E-03,-93.7500E-03
-499.5000E-03,-406.2500E-03,+62.5000E-03
-499.0000E-03,-406.2500E-03,-93.7500E-03
-498.5000E-03,-93.7500E-03,-93.7500E-03
-498.0000E-03,-250.0000E-03,-93.7500E-03
-497.5000E-03,-250.0000E-03,-250.0000E-03
-497.0000E-03,-406.2500E-03,-93.7500E-03
-496.5000E-03,-250.0000E-03,-93.7500E-03
-496.0000E-03,-406.2500E-03,-93.7500E-03
-495.5000E-03,-406.2500E-03,-250.0000E-03
-495.0000E-03,-406.2500E-03,-93.7500E-03
-494.5000E-03,-406.2500E-03,-93.7500E-03
-494.0000E-03,-250.0000E-03,-93.7500E-03
-493.5000E-03,-562.5000E-03,-93.7500E-03
-493.0000E-03,-250.0000E-03,-93.7500E-03
-492.5000E-03,-406.2500E-03,-250.0000E-03
-492.0000E-03,-406.2500E-03,-93.7500E-03
-491.5000E-03,-406.2500E-03,-93.7500E-03
-491.0000E-03,-250.0000E-03,+62.5000E-03
-490.5000E-03,-562.5000E-03,-93.7500E-03
-490.0000E-03,-250.0000E-03,-93.7500E-03
-489.5000E-03,-250.0000E-03,-250.0000E-03
-489.0000E-03,-406.2500E-03,-250.0000E-03
-488.5000E-03,-406.2500E-03,-250.0000E-03
-488.0000E-03,-250.0000E-03,-93.7500E-03
-487.5000E-03,-250.0000E-03,-93.7500E-03
-487.0000E-03,-406.2500E-03,-93.7500E-03
-486.5000E-03,-250.0000E-03,-250.0000E-03
-486.0000E-03,-250.0000E-03,-93.7500E-03
-485.5000E-03,-406.2500E-03,-93.7500E-03
-485.0000E-03,-406.2500E-03,-93.7500E-03
-484.5000E-03,-562.5000E-03,-250.0000E-03
-484.0000E-03,-406.2500E-03,-250.0000E-03
-483.5000E-03,-406.2500E-03,-93.7500E-03
-483.0000E-03,-406.2500E-03,-250.0000E-03
-482.5000E-03,-406.2500E-03,-93.7500E-03
-482.0000E-03,-406.2500E-03,-93.7500E-03
-481.5000E-03,-250.0000E-03,+62.5000E-03
-481.0000E-03,-250.0000E-03,-93.7500E-03
-480.5000E-03,-250.0000E-03,-93.7500E-03
-480.0000E-03,-562.5000E-03,-93.7500E-03
-479.5000E-03,-250.0000E-03,-93.7500E-03
-479.0000E-03,-250.0000E-03,-250.0000E-03
-478.5000E-03,-406.2500E-03,-93.7500E-03
-478.0000E-03,-406.2500E-03,-93.7500E-03
-477.5000E-03,-250.0000E-03,-250.0000E-03
-477.0000E-03,-250.0000E-03,-93.7500E-03
-476.5000E-03,-250.0000E-03,-93.7500E-03
-476.0000E-03,-250.0000E-03,-93.7500E-03
-475.5000E-03,-250.0000E-03,-93.7500E-03
-475.0000E-03,-250.0000E-03,-93.7500E-03
-474.5000E-03,-406.2500E-03,-406.2500E-03
-474.0000E-03,-250.0000E-03,+62.5000E-03
-473.5000E-03,-250.0000E-03,-250.0000E-03
-473.0000E-03,-406.2500E-03,-250.0000E-03
-472.5000E-03,-250.0000E-03,-93.7500E-03
-472.0000E-03,-406.2500E-03,-93.7500E-03
-471.5000E-03,-250.0000E-03,-93.7500E-03
-471.0000E-03,-406.2500E-03,-93.7500E-03
-470.5000E-03,-406.2500E-03,-250.0000E-03
-470.0000E-03,-250.0000E-03,-93.7500E-03
-469.5000E-03,-250.0000E-03,+62.5000E-03
-469.0000E-03,-250.0000E-03,+62.5000E-03
-468.5000E-03,-406.2500E-03,-93.7500E-03
-468.0000E-03,-406.2500E-03,-93.7500E-03
-467.5000E-03,-406.2500E-03,-250.0000E-03
-467.0000E-03,-250.0000E-03,-250.0000E-03
-466.5000E-03,-406.2500E-03,-93.7500E-03
-466.0000E-03,-250.0000E-03,-93.7500E-03
-465.5000E-03,-406.2500E-03,-93.7500E-03
-465.0000E-03,-250.0000E-03,-93.7500E-03
-464.5000E-03,-250.0000E-03,-93.7500E-03
-464.0000E-03,-406.2500E-03,-93.7500E-03
-463.5000E-03,-406.2500E-03,-93.7500E-03
-463.0000E-03,-250.0000E-03,-406.2500E-03
-462.5000E-03,-250.0000E-03,-93.7500E-03
-462.0000E-03,-406.2500E-03,-93.7500E-03
-461.5000E-03,-250.0000E-03,-93.7500E-03
-461.0000E-03,-250.0000E-03,-93.7500E-03
-460.5000E-03,-250.0000E-03,+62.5000E-03
-460.0000E-03,-250.0000E-03,-250.0000E-03
-459.5000E-03,-406.2500E-03,-250.0000E-03
-459.0000E-03,-250.0000E-03,+62.5000E-03
-458.5000E-03,-406.2500E-03,-93.7500E-03
-458.0000E-03,-562.5000E-03,-93.7500E-03
-457.5000E-03,-406.2500E-03,-250.0000E-03
-457.0000E-03,-406.2500E-03,-250.0000E-03
-456.5000E-03,-250.0000E-03,-93.7500E-03
-456.0000E-03,-406.2500E-03,-250.0000E-03
-455.5000E-03,-406.2500E-03,-93.7500E-03
-455.0000E-03,-250.0000E-03,-93.7500E-03
-454.5000E-03,-406.2500E-03,-250.0000E-03
-454.0000E-03,-250.0000E-03,-250.0000E-03
-453.5000E-03,-250.0000E-03,-93.7500E-03
-453.0000E-03,-406.2500E-03,-250.0000E-03
-452.5000E-03,-250.0000E-03,-93.7500E-03
-452.0000E-03,-406.2500E-03,-250.0000E-03
-451.5000E-03,-93.7500E-03,-250.0000E-03
-451.0000E-03,-250.0000E-03,-250.0000E-03
-450.5000E-03,-406.2500E-03,-93.7500E-03
-450.0000E-03,-406.2500E-03,-250.0000E-03
-449.5000E-03,-250.0000E-03,-250.0000E-03
-449.0000E-03,-250.0000E-03,-93.7500E-03
-448.5000E-03,-562.5000E-03,-250.0000E-03
-448.0000E-03,-250.0000E-03,-93.7500E-03
-447.5000E-03,-406.2500E-03,-250.0000E-03
-447.0000E-03,-406.2500E-03,+62.5000E-03
-446.5000E-03,-406.2500E-03,-250.0000E-03
-446.0000E-03,-250.0000E-03,-93.7500E-03
-445.5000E-03,-250.0000E-03,-93.7500E-03
-445.0000E-03,-250.0000E-03,+62.5000E-03
-444.5000E-03,-250.0000E-03,-93.7500E-03
-444.0000E-03,-406.2500E-03,-93.7500E-03
-443.5000E-03,-250.0000E-03,-93.7500E-03
-443.0000E-03,-406.2500E-03,-93.7500E-03
-442.5000E-03,-406.2500E-03,-93.7500E-03
-442.0000E-03,-406.2500E-03,+62.5000E-03
-441.5000E-03,-406.2500E-03,-93.7500E-03
-441.0000E-03,-250.0000E-03,+62.5000E-03
-440.5000E-03,-250.0000E-03,-93.7500E-03
-440.0000E-03,-406.2500E-03,-250.0000E-03
-439.5000E-03,-250.0000E-03,-93.7500E-03
-439.0000E-03,-406.2500E-03,-93.7500E-03
-438.5000E-03,-250.0000E-03,-250.0000E-03
-438.0000E-03,-406.2500E-03,-250.0000E-03
-437.5000E-03,-250.0000E-03,-93.7500E-03
-437.0000E-03,-406.2500E-03,-93.7500E-03
-436.5000E-03,-250.0000E-03,-250.0000E-03
-436.0000E-03,-406.2500E-03,-250.0000E-03
-435.5000E-03,-406.2500E-03,-250.0000E-03
-435.0000E-03,-562.5000E-03,-93.7500E-03
-434.5000E-03,-406.2500E-03,-93.7500E-03
-434.0000E-03,-406.2500E-03,-93.7500E-03
-433.5000E-03,-406.2500E-03,-250.0000E-03
-433.0000E-03,-250.0000E-03,-93.7500E-03
-432.5000E-03,-406.2500E-03,-93.7500E-03
-432.0000E-03,-250.0000E-03,-250.0000E-03
-431.5000E-03,-406.2500E-03,-250.0000E-03
-431.0000E-03,-250.0000E-03,-93.7500E-03
-430.5000E-03,-250.0000E-03,-93.7500E-03
-430.0000E-03,-562.5000E-03,-93.7500E-03
-429.5000E-03,-250.0000E-03,-93.7500E-03
-429.0000E-03,-406.2500E-03,-93.7500E-03
-428.5000E-03,-250.0000E-03,-93.7500E-03
-428.0000E-03,-406.2500E-03,-93.7500E-03
-427.5000E-03,-250.0000E-03,-93.7500E-03
-427.0000E-03,-250.0000E-03,-250.0000E-03
-426.5000E-03,-406.2500E-03,-93.7500E-03
-426.0000E-03,-250.0000E-03,-93.7500E-03
-425.5000E-03,-250.0000E-03,-93.7500E-03
-425.0000E-03,-406.2500E-03,-93.7500E-03
-424.5000E-03,-250.0000E-03,-93.7500E-03
-424.0000E-03,-250.0000E-03,-93.7500E-03
-423.5000E-03,-250.0000E-03,+62.5000E-03
-423.0000E-03,-406.2500E-03,-93.7500E-03
-422.5000E-03,-406.2500E-03,-250.0000E-03
-422.0000E-03,-406.2500E-03,-250.0000E-03
-421.5000E-03,-250.0000E-03,-93.7500E-03
-421.0000E-03,-406.2500E-03,+62.5000E-03
-420.5000E-03,-406.2500E-03,-250.0000E-03
-420.0000E-03,-406.2500E-03,-250.0000E-03
-419.5000E-03,-406.2500E-03,-250.0000E-03
-419.0000E-03,-93.7500E-03,-93.7500E-03
-418.5000E-03,-406.2500E-03,-93.7500E-03
-418.0000E-03,-406.2500E-03,-93.7500E-03
-417.5000E-03,-250.0000E-03,-93.7500E-03
-417.0000E-03,-406.2500E-03,-93.7500E-03
-416.5000E-03,-406.2500E-03,+62.5000E-03
-416.0000E-03,-250.0000E-03,-93.7500E-03
-415.5000E-03,-250.0000E-03,-93.7500E-03
-415.0000E-03,-406.2500E-03,-93.7500E-03
-414.5000E-03,-562.5000E-03,-93.7500E-03
-414.0000E-03,-406.2500E-03,-93.7500E-03
-413.5000E-03,-406.2500E-03,+62.5000E-03
-413.0000E-03,-406.2500E-03,-250.0000E-03
-412.5000E-03,-406.2500E-03,-250.0000E-03
-412.0000E-03,-406.2500E-03,-93.7500E-03
-411.5000E-03,-406.2500E-03,-93.7500E-03
-411.0000E-03,-406.2500E-03,-93.7500E-03
-410.5000E-03,-406.2500E-03,-250.0000E-03
-410.0000E-03,-250.0000E-03,-406.2500E-03
-409.5000E-03,-250.0000E-03,-250.0000E-03
-409.0000E-03,-250.0000E-03,-93.7500E-03
-408.5000E-03,-406.2500E-03,-93.7500E-03
-408.0000E-03,-562.5000E-03,-93.7500E-03
-407.5000E-03,-406.2500E-03,-93.7500E-03
-407.0000E-03,-250.0000E-03,-250.0000E-03
-406.5000E-03,-406.2500E-03,-93.7500E-03
-406.0000E-03,-406.2500E-03,-93.7500E-03
-405.5000E-03,-406.2500E-03,-250.0000E-03
-405.0000E-03,-250.0000E-03,+62.5000E-03
-404.5000E-03,-406.2500E-03,-250.0000E-03
-404.0000E-03,-406.2500E-03,-93.7500E-03
-403.5000E-03,-406.2500E-03,-93.7500E-03
-403.0000E-03,-406.2500E-03,-250.0000E-03
-402.5000E-03,-250.0000E-03,-93.7500E-03
-402.0000E-03,-250.0000E-03,-93.7500E-03
-401.5000E-03,-250.0000E-03,-250.0000E-03
-401.0000E-03,-406.2500E-03,+62.5000E-03
-400.5000E-03,-406.2500E-03,-93.7500E-03
-400.0000E-03,-406.2500E-03,-250.0000E-03
-399.5000E-03,-562.5000E-03,-93.7500E-03
-399.0000E-03,-406.2500E-03,-250.0000E-03
-398.5000E-03,-406.2500E-03,+62.5000E-03
-398.0000E-03,-406.2500E-03,+62.5000E-03
-397.5000E-03,-406.2500E-03,+62.5000E-03
-397.0000E-03,-406.2500E-03,-250.0000E-03
-396.5000E-03,-406.2500E-03,-93.7500E-03
-396.0000E-03,-250.0000E-03,-93.7500E-03
-395.5000E-03,-406.2500E-03,-93.7500E-03
-395.0000E-03,-406.2500E-03,-93.7500E-03
-394.5000E-03,-406.2500E-03,-93.7500E-03
-394.0000E-03,-250.0000E-03,-250.0000E-03
-393.5000E-03,-406.2500E-03,-93.7500E-03
-393.0000E-03,-250.0000E-03,-250.0000E-03
-392.5000E-03,-406.2500E-03,-250.0000E-03
-392.0000E-03,-250.0000E-03,-93.7500E-03
-391.5000E-03,-406.2500E-03,-93.7500E-03
-391.0000E-03,-406.2500E-03,-93.7500E-03
-390.5000E-03,-562.5000E-03,+62.5000E-03
-390.0000E-03,-250.0000E-03,-93.7500E-03
-389.5000E-03,-406.2500E-03,-93.7500E-03
-389.0000E-03,-406.2500E-03,-250.0000E-03
-388.5000E-03,-406.2500E-03,-93.7500E-03
-388.0000E-03,-250.0000E-03,-250.0000E-03
-387.5000E-03,-406.2500E-03,-250.0000E-03
-387.0000E-03,-406.2500E-03,-93.7500E-03
-386.5000E-03,-406.2500E-03,-93.7500E-03
-386.0000E-03,-250.0000E-03,-250.0000E-03
-385.5000E-03,-250.0000E-03,-406.2500E-03
-385.0000E-03,-406.2500E-03,-250.0000E-03
-384.5000E-03,-250.0000E-03,+62.5000E-03
-384.0000E-03,-406.2500E-03,-93.7500E-03
-383.5000E-03,-250.0000E-03,-93.7500E-03
-383.0000E-03,-250.0000E-03,-406.2500E-03
-382.5000E-03,-406.2500E-03,-250.0000E-03
-382.0000E-03,-406.2500E-03,-93.7500E-03
-381.5000E-03,-406.2500E-03,-93.7500E-03
-381.0000E-03,-406.2500E-03,-93.7500E-03
-380.5000E-03,-250.0000E-03,-250.0000E-03
-380.0000E-03,-406.2500E-03,-93.7500E-03
-379.5000E-03,-406.2500E-03,-93.7500E-03
-379.0000E-03,-406.2500E-03,-93.7500E-03
-378.5000E-03,-250.0000E-03,-250.0000E-03
-378.0000E-03,-250.0000E-03,-250.0000E-03
-377.5000E-03,-406.2500E-03,-250.0000E-03
-377.0000E-03,-406.2500E-03,+62.5000E-03
-376.5000E-03,-406.2500E-03,+62.5000E-03
-376.0000E-03,-406.2500E-03,-93.7500E-03
-375.5000E-03,-406.2500E-03,-93.7500E-03
-375.0000E-03,-250.0000E-03,-93.7500E-03
-374.5000E-03,-93.7500E-03,-250.0000E-03
-374.0000E-03,+218.7500E-03,-93.7500E-03
-373.5000E-03,+218.7500E-03,-250.0000E-03
-373.0000E-03,+687.5000E-03,-250.0000E-03
-372.5000E-03,+843.7500E-03,-93.7500E-03
-372.0000E-03,+1.4687500E+00,-93.7500E-03
-371.5000E-03,+1.7812500E+00,+62.5000E-03
-371.0000E-03,+2.2500000E+00,-250.0000E-03
-370.5000E-03,+2.7187500E+00,-406.2500E-03
-370.0000E-03,+3.3437500E+00,-93.7500E-03
-369.5000E-03,+3.6562500E+00,+375.0000E-03
-369.0000E-03,+4.2812500E+00,+1.0000000E+00
-368.5000E-03,+4.7500000E+00,+1.3125000E+00
-368.0000E-03,+5.2187500E+00,+1.6250000E+00
-367.5000E-03,+5.3750000E+00,+1.9375000E+00
-367.0000E-03,+6.0000000E+00,+2.5625000E+00
-366.5000E-03,+5.8437500E+00,+3.0312500E+00
-366.0000E-03,+4.1250000E+00,+2.8750000E+00
-365.5000E-03,+6.3125000E+00,-250.0000E-03
-365.0000E-03,+8.9687500E+00,+375.0000E-03
-364.5000E-03,+8.8125000E+00,+843.7500E-03
-364.0000E-03,+8.8125000E+00,+1.1562500E+00
-363.5000E-03,+9.4375000E+00,+1.6250000E+00
-363.0000E-03,+9.7500000E+00,+1.9375000E+00
-362.5000E-03,+9.9062500E+00,+2.2500000E+00
-362.0000E-03,+10.2187500E+00,+2.7187500E+00
-361.5000E-03,+10.6875000E+00,+3.0312500E+00
-361.0000E-03,+11.0000000E+00,+3.1875000E+00
-360.5000E-03,+11.3125000E+00,+3.0312500E+00
-360.0000E-03,+11.6250000E+00,+3.1875000E+00
-359.5000E-03,+11.9375000E+00,+3.1875000E+00
-359.0000E-03,+12.2500000E+00,+3.1875000E+00
-358.5000E-03,+12.4062500E+00,+3.1875000E+00
-358.0000E-03,+12.7187500E+00,+3.1875000E+00
-357.5000E-03,+13.1875000E+00,+3.1875000E+00
-357.0000E-03,+13.0312500E+00,+3.1875000E+00
-356.5000E-03,+13.5000000E+00,+3.0312500E+00
-356.0000E-03,+13.6562500E+00,+3.0312500E+00
-355.5000E-03,+13.8125000E+00,+3.0312500E+00
-355.0000E-03,+14.1250000E+00,+3.1875000E+00
-354.5000E-03,+14.4375000E+00,+3.1875000E+00
-354.0000E-03,+14.5937500E+00,+3.1875000E+00
-353.5000E-03,+14.5937500E+00,+3.1875000E+00
-353.0000E-03,+15.0625000E+00,+3.3437500E+00
-352.5000E-03,+15.0625000E+00,+3.1875000E+00
-352.0000E-03,+15.0625000E+00,+3.0312500E+00
-351.5000E-03,+15.3750000E+00,+3.0312500E+00
-351.0000E-03,+15.3750000E+00,+3.1875000E+00
-350.5000E-03,+15.6875000E+00,+3.1875000E+00
-350.0000E-03,+15.8437500E+00,+3.1875000E+00
-349.5000E-03,+15.8437500E+00,+3.1875000E+00
-349.0000E-03,+15.8437500E+00,+3.1875000E+00
-348.5000E-03,+16.0000000E+00,+3.1875000E+00
-348.0000E-03,+16.3125000E+00,+3.1875000E+00
-347.5000E-03,+16.3125000E+00,+3.0312500E+00
-347.0000E-03,+16.4687500E+00,+3.1875000E+00
-346.5000E-03,+16.6250000E+00,+3.1875000E+00
-346.0000E-03,+16.7812500E+00,+3.1875000E+00
-345.5000E-03,+16.9375000E+00,+3.3437500E+00
-345.0000E-03,+16.9375000E+00,+3.1875000E+00
-344.5000E-03,+17.0937500E+00,+3.0312500E+00
-344.0000E-03,+17.0937500E+00,+3.0312500E+00
-343.5000E-03,+17.2500000E+00,+3.1875000E+00
-343.0000E-03,+17.0937500E+00,+3.1875000E+00
-342.5000E-03,+17.5625000E+00,+3.0312500E+00
-342.0000E-03,+17.4062500E+00,+2.8750000E+00
-341.5000E-03,+17.5625000E+00,+3.1875000E+00
-341.0000E-03,+17.5625000E+00,+3.1875000E+00
-340.5000E-03,+17.7187500E+00,+3.1875000E+00
-340.0000E-03,+18.0312500E+00,+3.3437500E+00
-339.5000E-03,+17.7187500E+00,+3.1875000E+00
-339.0000E-03,+17.8750000E+00,+3.1875000E+00
-338.5000E-03,+17.8750000E+00,+3.1875000E+00
-338.0000E-03,+17.8750000E+00,+3.1875000E+00
-337.5000E-03,+18.0312500E+00,+3.1875000E+00
-337.0000E-03,+18.1875000E+00,+3.1875000E+00
-336.5000E-03,+18.1875000E+00,+3.0312500E+00
-336.0000E-03,+18.3437500E+00,+3.0312500E+00
-335.5000E-03,+18.1875000E+00,+3.1875000E+00
-335.0000E-03,+18.1875000E+00,+3.5000000E+00
-334.5000E-03,+18.3437500E+00,+3.0312500E+00
-334.0000E-03,+18.3437500E+00,+3.1875000E+00
-333.5000E-03,+18.1875000E+00,+3.1875000E+00
-333.0000E-03,+18.6562500E+00,+3.0312500E+00
-332.5000E-03,+18.5000000E+00,+3.0312500E+00
-332.0000E-03,+18.5000000E+00,+3.1875000E+00
-331.5000E-03,+18.5000000E+00,+3.1875000E+00
-331.0000E-03,+18.5000000E+00,+3.1875000E+00
-330.5000E-03,+18.6562500E+00,+3.1875000E+00
-330.0000E-03,+18.8125000E+00,+3.1875000E+00
-329.5000E-03,+18.6562500E+00,+3.0312500E+00
-329.0000E-03,+18.6562500E+00,+3.1875000E+00
-328.5000E-03,+18.8125000E+00,+3.1875000E+00
-328.0000E-03,+18.8125000E+00,+3.1875000E+00
-327.5000E-03,+18.8125000E+00,+3.1875000E+00
-327.0000E-03,+18.8125000E+00,+3.3437500E+00
-326.5000E-03,+18.8125000E+00,+3.1875000E+00
-326.0000E-03,+18.8125000E+00,+3.3437500E+00
-325.5000E-03,+19.1250000E+00,+3.1875000E+00
-325.0000E-03,+18.9687500E+00,+3.3437500E+00
-324.5000E-03,+18.6562500E+00,+3.1875000E+00
-324.0000E-03,+18.8125000E+00,+3.1875000E+00
-323.5000E-03,+18.9687500E+00,+3.3437500E+00
-323.0000E-03,+18.9687500E+00,+3.1875000E+00
-322.5000E-03,+18.8125000E+00,+3.0312500E+00
-322.0000E-03,+18.9687500E+00,+3.0312500E+00
-321.5000E-03,+19.1250000E+00,+3.1875000E+00
-321.0000E-03,+19.1250000E+00,+3.3437500E+00
-320.5000E-03,+18.9687500E+00,+3.1875000E+00
-320.0000E-03,+18.9687500E+00,+3.1875000E+00
-319.5000E-03,+18.9687500E+00,+3.0312500E+00
-319.0000E-03,+19.2812500E+00,+2.8750000E+00
-318.5000E-03,+18.9687500E+00,+3.3437500E+00
-318.0000E-03,+19.1250000E+00,+3.1875000E+00
-317.5000E-03,+19.2812500E+00,+3.1875000E+00
-317.0000E-03,+19.1250000E+00,+3.1875000E+00
-316.5000E-03,+19.1250000E+00,+3.0312500E+00
-316.0000E-03,+19.1250000E+00,+3.1875000E+00
-315.5000E-03,+19.1250000E+00,+3.1875000E+00
-315.0000E-03,+19.4375000E+00,+3.0312500E+00
-314.5000E-03,+19.2812500E+00,+3.1875000E+00
-314.0000E-03,+19.4375000E+00,+3.1875000E+00
-313.5000E-03,+19.1250000E+00,+3.3437500E+00
-313.0000E-03,+19.1250000E+00,+3.1875000E+00
-312.5000E-03,+19.2812500E+00,+3.0312500E+00
-312.0000E-03,+19.4375000E+00,+3.1875000E+00
-311.5000E-03,+19.4375000E+00,+3.0312500E+00
-311.0000E-03,+19.1250000E+00,+3.1875000E+00
-310.5000E-03,+19.2812500E+00,+3.0312500E+00
-310.0000E-03,+19.2812500E+00,+3.1875000E+00
-309.5000E-03,+19.2812500E+00,+3.1875000E+00
-309.0000E-03,+19.1250000E+00,+3.3437500E+00
-308.5000E-03,+19.2812500E+00,+3.1875000E+00
-308.0000E-03,+19.5937500E+00,+3.1875000E+00
-307.5000E-03,+19.4375000E+00,+3.1875000E+00
-307.0000E-03,+19.4375000E+00,+3.1875000E+00
-306.5000E-03,+19.2812500E+00,+3.1875000E+00
-306.0000E-03,+19.4375000E+00,+3.1875000E+00
-305.5000E-03,+19.2812500E+00,+3.1875000E+00
-305.0000E-03,+19.2812500E+00,+3.1875000E+00
-304.5000E-03,+19.5937500E+00,+3.1875000E+00
-304.0000E-03,+19.1250000E+00,+3.0312500E+00
-303.5000E-03,+19.2812500E+00,+3.0312500E+00
-303.0000E-03,+19.4375000E+00,+3.0312500E+00
-302.5000E-03,+19.4375000E+00,+3.0312500E+00
-302.0000E-03,+19.4375000E+00,+3.1875000E+00
-301.5000E-03,+19.2812500E+00,+3.0312500E+00
-301.0000E-03,+19.2812500E+00,+3.1875000E+00
-300.5000E-03,+19.4375000E+00,+3.1875000E+00
-300.0000E-03,+19.2812500E+00,+2.8750000E+00
-299.5000E-03,+19.4375000E+00,+3.0312500E+00
-299.0000E-03,+19.5937500E+00,+3.1875000E+00
-298.5000E-03,+19.4375000E+00,+3.1875000E+00
-298.0000E-03,+19.4375000E+00,+3.1875000E+00
-297.5000E-03,+19.2812500E+00,+3.1875000E+00
-297.0000E-03,+19.2812500E+00,+3.1875000E+00
-296.5000E-03,+19.5937500E+00,+3.1875000E+00
-296.0000E-03,+19.4375000E+00,+3.1875000E+00
-295.5000E-03,+19.2812500E+00,+3.1875000E+00
-295.0000E-03,+19.4375000E+00,+3.3437500E+00
-294.5000E-03,+19.2812500E+00,+3.1875000E+00
-294.0000E-03,+19.4375000E+00,+3.1875000E+00
-293.5000E-03,+19.4375000E+00,+3.1875000E+00
-293.0000E-03,+19.4375000E+00,+3.1875000E+00
-292.5000E-03,+19.4375000E+00,+3.1875000E+00
-292.0000E-03,+19.5937500E+00,+2.8750000E+00
-291.5000E-03,+19.5937500E+00,+3.1875000E+00
-291.0000E-03,+19.5937500E+00,+3.1875000E+00
-290.5000E-03,+19.4375000E+00,+3.1875000E+00
-290.0000E-03,+19.4375000E+00,+3.1875000E+00
-289.5000E-03,+19.5937500E+00,+3.1875000E+00
-289.0000E-03,+19.4375000E+00,+2.8750000E+00
-288.5000E-03,+19.2812500E+00,+3.0312500E+00
-288.0000E-03,+19.4375000E+00,+3.1875000E+00
-287.5000E-03,+19.4375000E+00,+3.1875000E+00
-287.0000E-03,+19.2812500E+00,+3.1875000E+00
-286.5000E-03,+19.4375000E+00,+3.1875000E+00
-286.0000E-03,+19.5937500E+00,+3.1875000E+00
-285.5000E-03,+19.4375000E+00,+3.1875000E+00
-285.0000E-03,+19.4375000E+00,+3.1875000E+00
-284.5000E-03,+19.4375000E+00,+3.1875000E+00
-284.0000E-03,+19.7500000E+00,+3.1875000E+00
-283.5000E-03,+19.5937500E+00,+3.1875000E+00
-283.0000E-03,+19.2812500E+00,+3.0312500E+00
-282.5000E-03,+19.4375000E+00,+3.1875000E+00
-282.0000E-03,+19.7500000E+00,+3.1875000E+00
-281.5000E-03,+19.5937500E+00,+3.1875000E+00
-281.0000E-03,+19.5937500E+00,+3.1875000E+00
-280.5000E-03,+19.5937500E+00,+3.1875000E+00
-280.0000E-03,+19.4375000E+00,+3.0312500E+00
-279.5000E-03,+19.4375000E+00,+3.1875000E+00
-279.0000E-03,+19.5937500E+00,+3.1875000E+00
-278.5000E-03,+19.5937500E+00,+3.1875000E+00
-278.0000E-03,+19.5937500E+00,+3.1875000E+00
-277.5000E-03,+19.4375000E+00,+3.0312500E+00
-277.0000E-03,+19.4375000E+00,+3.1875000E+00
-276.5000E-03,+19.4375000E+00,+3.1875000E+00
-276.0000E-03,+19.5937500E+00,+3.3437500E+00
-275.5000E-03,+19.4375000E+00,+3.1875000E+00
-275.0000E-03,+19.4375000E+00,+3.3437500E+00
-274.5000E-03,+19.2812500E+00,+3.0312500E+00
-274.0000E-03,+19.4375000E+00,+3.1875000E+00
-273.5000E-03,+19.4375000E+00,+3.1875000E+00
-273.0000E-03,+19.4375000E+00,+3.1875000E+00
-272.5000E-03,+19.5937500E+00,+3.1875000E+00
-272.0000E-03,+19.5937500E+00,+3.1875000E+00
-271.5000E-03,+19.5937500E+00,+3.1875000E+00
-271.0000E-03,+19.4375000E+00,+3.1875000E+00
-270.5000E-03,+19.4375000E+00,+3.1875000E+00
-270.0000E-03,+19.5937500E+00,+3.1875000E+00
-269.5000E-03,+19.5937500E+00,+3.3437500E+00
-269.0000E-03,+19.5937500E+00,+3.0312500E+00
-268.5000E-03,+19.4375000E+00,+3.1875000E+00
-268.0000E-03,+19.1250000E+00,+3.0312500E+00
-267.5000E-03,+19.5937500E+00,+2.8750000E+00
-267.0000E-03,+19.5937500E+00,+2.8750000E+00
-266.5000E-03,+19.5937500E+00,+3.0312500E+00
-266.0000E-03,+19.4375000E+00,+3.1875000E+00
-265.5000E-03,+19.4375000E+00,+3.0312500E+00
-265.0000E-03,+19.4375000E+00,+3.3437500E+00
-264.5000E-03,+19.4375000E+00,+3.1875000E+00
-264.0000E-03,+19.5937500E+00,+3.1875000E+00
-263.5000E-03,+19.5937500E+00,+3.1875000E+00
-263.0000E-03,+19.7500000E+00,+3.0312500E+00
-262.5000E-03,+19.4375000E+00,+3.0312500E+00
-262.0000E-03,+19.5937500E+00,+3.1875000E+00
-261.5000E-03,+19.5937500E+00,+3.0312500E+00
-261.0000E-03,+19.4375000E+00,+3.1875000E+00
-260.5000E-03,+19.5937500E+00,+3.3437500E+00
-260.0000E-03,+19.5937500E+00,+3.1875000E+00
-259.5000E-03,+19.5937500E+00,+3.3437500E+00
-259.0000E-03,+19.5937500E+00,+3.1875000E+00
-258.5000E-03,+19.4375000E+00,+3.0312500E+00
-258.0000E-03,+19.5937500E+00,+3.0312500E+00
-257.5000E-03,+19.5937500E+00,+3.1875000E+00
-257.0000E-03,+19.5937500E+00,+3.0312500E+00
-256.5000E-03,+19.5937500E+00,+3.1875000E+00
-256.0000E-03,+19.2812500E+00,+2.8750000E+00
-255.5000E-03,+19.4375000E+00,+3.0312500E+00
-255.0000E-03,+19.2812500E+00,+3.0312500E+00
-254.5000E-03,+19.4375000E+00,+3.1875000E+00
-254.0000E-03,+19.5937500E+00,+3.1875000E+00
-253.5000E-03,+19.5937500E+00,+3.1875000E+00
-253.0000E-03,+19.4375000E+00,+3.1875000E+00
-252.5000E-03,+19.4375000E+00,+3.5000000E+00
-252.0000E-03,+19.5937500E+00,+3.1875000E+00
-251.5000E-03,+19.4375000E+00,+3.1875000E+00
-251.0000E-03,+19.4375000E+00,+3.3437500E+00
-250.5000E-03,+19.5937500E+00,+3.1875000E+00
-250.0000E-03,+19.2812500E+00,+3.1875000E+00
-249.5000E-03,+19.4375000E+00,+3.0312500E+00
-249.0000E-03,+19.4375000E+00,+3.1875000E+00
-248.5000E-03,+19.4375000E+00,+3.1875000E+00
-248.0000E-03,+19.5937500E+00,+3.1875000E+00
-247.5000E-03,+19.4375000E+00,+3.0312500E+00
-247.0000E-03,+19.5937500E+00,+3.1875000E+00
-246.5000E-03,+19.4375000E+00,+3.1875000E+00
-246.0000E-03,+19.4375000E+00,+3.1875000E+00
-245.5000E-03,+19.5937500E+00,+3.1875000E+00
-245.0000E-03,+19.4375000E+00,+3.1875000E+00
-244.5000E-03,+19.5937500E+00,+3.1875000E+00
-244.0000E-03,+19.7500000E+00,+3.1875000E+00
-243.5000E-03,+19.4375000E+00,+3.1875000E+00
-243.0000E-03,+19.5937500E+00,+3.3437500E+00
-242.5000E-03,+19.5937500E+00,+3.0312500E+00
-242.0000E-03,+19.7500000E+00,+3.1875000E+00
-241.5000E-03,+19.4375000E+00,+3.1875000E+00
-241.0000E-03,+19.5937500E+00,+3.1875000E+00
-240.5000E-03,+19.4375000E+00,+3.0312500E+00
-240.0000E-03,+19.5937500E+00,+3.1875000E+00
-239.5000E-03,+19.4375000E+00,+3.1875000E+00
-239.0000E-03,+19.4375000E+00,+3.1875000E+00
-238.5000E-03,+19.5937500E+00,+3.1875000E+00
-238.0000E-03,+19.4375000E+00,+3.3437500E+00
-237.5000E-03,+19.4375000E+00,+3.0312500E+00
-237.0000E-03,+19.7500000E+00,+3.0312500E+00
-236.5000E-03,+19.5937500E+00,+3.1875000E+00
-236.0000E-03,+19.5937500E+00,+3.1875000E+00
-235.5000E-03,+19.5937500E+00,+3.3437500E+00
-235.0000E-03,+19.5937500E+00,+3.1875000E+00
-234.5000E-03,+19.2812500E+00,+3.0312500E+00
-234.0000E-03,+19.7500000E+00,+3.0312500E+00
-233.5000E-03,+19.5937500E+00,+3.0312500E+00
-233.0000E-03,+19.4375000E+00,+3.0312500E+00
-232.5000E-03,+19.5937500E+00,+3.1875000E+00
-232.0000E-03,+19.5937500E+00,+3.0312500E+00
-231.5000E-03,+19.2812500E+00,+3.1875000E+00
-231.0000E-03,+19.4375000E+00,+3.1875000E+00
-230.5000E-03,+19.5937500E+00,+3.0312500E+00
-230.0000E-03,+19.5937500E+00,+3.3437500E+00
-229.5000E-03,+19.4375000E+00,+3.1875000E+00
-229.0000E-03,+19.5937500E+00,+3.1875000E+00
-228.5000E-03,+19.5937500E+00,+3.1875000E+00
-228.0000E-03,+19.4375000E+00,+3.1875000E+00
-227.5000E-03,+19.5937500E+00,+3.3437500E+00
-227.0000E-03,+19.4375000E+00,+3.1875000E+00
-226.5000E-03,+19.4375000E+00,+3.1875000E+00
-226.0000E-03,+19.4375000E+00,+3.0312500E+00
-225.5000E-03,+19.4375000E+00,+3.3437500E+00
-225.0000E-03,+19.4375000E+00,+3.0312500E+00
-224.5000E-03,+19.5937500E+00,+3.1875000E+00
-224.0000E-03,+19.5937500E+00,+3.1875000E+00
-223.5000E-03,+19.5937500E+00,+3.1875000E+00
-223.0000E-03,+19.7500000E+00,+3.1875000E+00
-222.5000E-03,+19.5937500E+00,+3.1875000E+00
-222.0000E-03,+19.4375000E+00,+3.0312500E+00
-221.5000E-03,+19.7500000E+00,+3.1875000E+00
-221.0000E-03,+19.4375000E+00,+3.1875000E+00
-220.5000E-03,+19.4375000E+00,+3.1875000E+00
-220.0000E-03,+19.5937500E+00,+3.1875000E+00
-219.5000E-03,+19.5937500E+00,+3.1875000E+00
-219.0000E-03,+19.5937500E+00,+3.0312500E+00
-218.5000E-03,+19.5937500E+00,+3.1875000E+00
-218.0000E-03,+19.4375000E+00,+3.0312500E+00
-217.5000E-03,+19.5937500E+00,+3.1875000E+00
-217.0000E-03,+19.7500000E+00,+2.8750000E+00
-216.5000E-03,+19.5937500E+00,+3.3437500E+00
-216.0000E-03,+19.7500000E+00,+3.0312500E+00
-215.5000E-03,+19.4375000E+00,+3.1875000E+00
-215.0000E-03,+19.5937500E+00,+3.1875000E+00
-214.5000E-03,+19.5937500E+00,+3.0312500E+00
-214.0000E-03,+19.5937500E+00,+3.1875000E+00
-213.5000E-03,+19.4375000E+00,+3.1875000E+00
-213.0000E-03,+19.7500000E+00,+3.1875000E+00
-212.5000E-03,+19.5937500E+00,+3.1875000E+00
-212.0000E-03,+19.4375000E+00,+3.3437500E+00
-211.5000E-03,+19.5937500E+00,+3.1875000E+00
-211.0000E-03,+19.4375000E+00,+3.1875000E+00
-210.5000E-03,+19.7500000E+00,+3.3437500E+00
-210.0000E-03,+19.5937500E+00,+3.1875000E+00
-209.5000E-03,+19.4375000E+00,+3.0312500E+00
-209.0000E-03,+19.5937500E+00,+3.1875000E+00
-208.5000E-03,+19.4375000E+00,+3.1875000E+00
-208.0000E-03,+19.4375000E+00,+3.5000000E+00
-207.5000E-03,+19.4375000E+00,+3.1875000E+00
-207.0000E-03,+19.5937500E+00,+3.1875000E+00
-206.5000E-03,+19.5937500E+00,+3.1875000E+00
-206.0000E-03,+19.4375000E+00,+3.1875000E+00
-205.5000E-03,+19.4375000E+00,+3.1875000E+00
-205.0000E-03,+19.4375000E+00,+3.1875000E+00
-204.5000E-03,+19.5937500E+00,+3.3437500E+00
-204.0000E-03,+19.4375000E+00,+3.1875000E+00
-203.5000E-03,+19.4375000E+00,+3.0312500E+00
-203.0000E-03,+19.5937500E+00,+3.1875000E+00
-202.5000E-03,+19.7500000E+00,+3.3437500E+00
-202.0000E-03,+19.4375000E+00,+3.1875000E+00
-201.5000E-03,+19.5937500E+00,+3.0312500E+00
-201.0000E-03,+19.5937500E+00,+3.1875000E+00
-200.5000E-03,+19.4375000E+00,+3.1875000E+00
-200.0000E-03,+19.4375000E+00,+3.1875000E+00
-199.5000E-03,+19.5937500E+00,+3.1875000E+00
-199.0000E-03,+19.4375000E+00,+3.1875000E+00
-198.5000E-03,+19.4375000E+00,+3.1875000E+00
-198.0000E-03,+19.4375000E+00,+3.1875000E+00
-197.5000E-03,+19.4375000E+00,+3.0312500E+00
-197.0000E-03,+19.5937500E+00,+3.1875000E+00
-196.5000E-03,+19.5937500E+00,+3.1875000E+00
-196.0000E-03,+19.5937500E+00,+3.1875000E+00
-195.5000E-03,+19.5937500E+00,+3.1875000E+00
-195.0000E-03,+19.4375000E+00,+3.1875000E+00
-194.5000E-03,+19.4375000E+00,+3.1875000E+00
-194.0000E-03,+19.7500000E+00,+3.1875000E+00
-193.5000E-03,+19.7500000E+00,+3.1875000E+00
-193.0000E-03,+19.4375000E+00,+3.1875000E+00
-192.5000E-03,+19.4375000E+00,+3.0312500E+00
-192.0000E-03,+19.4375000E+00,+3.1875000E+00
-191.5000E-03,+19.5937500E+00,+3.1875000E+00
-191.0000E-03,+19.5937500E+00,+3.0312500E+00
-190.5000E-03,+19.5937500E+00,+2.8750000E+00
-190.0000E-03,+19.5937500E+00,+3.1875000E+00
-189.5000E-03,+19.4375000E+00,+3.1875000E+00
-189.0000E-03,+19.5937500E+00,+3.1875000E+00
-188.5000E-03,+19.5937500E+00,+3.3437500E+00
-188.0000E-03,+19.4375000E+00,+3.1875000E+00
-187.5000E-03,+19.5937500E+00,+3.0312500E+00
-187.0000E-03,+19.4375000E+00,+3.1875000E+00
-186.5000E-03,+19.4375000E+00,+3.1875000E+00
-186.0000E-03,+19.4375000E+00,+3.1875000E+00
-185.5000E-03,+19.5937500E+00,+3.3437500E+00
-185.0000E-03,+19.5937500E+00,+3.3437500E+00
-184.5000E-03,+19.5937500E+00,+3.1875000E+00
-184.0000E-03,+19.2812500E+00,+3.1875000E+00
-183.5000E-03,+19.5937500E+00,+3.1875000E+00
-183.0000E-03,+19.5937500E+00,+3.1875000E+00
-182.5000E-03,+19.4375000E+00,+3.1875000E+00
-182.0000E-03,+19.4375000E+00,+3.1875000E+00
-181.5000E-03,+19.4375000E+00,+3.1875000E+00
-181.0000E-03,+19.4375000E+00,+3.1875000E+00
-180.5000E-03,+19.5937500E+00,+3.0312500E+00
-180.0000E-03,+19.7500000E+00,+3.1875000E+00
-179.5000E-03,+19.4375000E+00,+3.1875000E+00
-179.0000E-03,+19.4375000E+00,+3.1875000E+00
-178.5000E-03,+19.5937500E+00,+3.3437500E+00
-178.0000E-03,+19.7500000E+00,+3.3437500E+00
-177.5000E-03,+19.5937500E+00,+3.1875000E+00
-177.0000E-03,+19.4375000E+00,+3.1875000E+00
-176.5000E-03,+19.4375000E+00,+3.1875000E+00
-176.0000E-03,+19.5937500E+00,+3.1875000E+00
-175.5000E-03,+19.5937500E+00,+3.1875000E+00
-175.0000E-03,+19.5937500E+00,+3.1875000E+00
-174.5000E-03,+19.5937500E+00,+3.1875000E+00
-174.0000E-03,+19.5937500E+00,+3.1875000E+00
-173.5000E-03,+19.4375000E+00,+3.1875000E+00
-173.0000E-03,+19.5937500E+00,+3.1875000E+00
-172.5000E-03,+19.4375000E+00,+3.1875000E+00
-172.0000E-03,+19.5937500E+00,+3.1875000E+00
-171.5000E-03,+19.5937500E+00,+3.1875000E+00
-171.0000E-03,+19.4375000E+00,+3.3437500E+00
-170.5000E-03,+19.5937500E+00,+3.1875000E+00
-170.0000E-03,+19.2812500E+00,+3.1875000E+00
-169.5000E-03,+19.5937500E+00,+3.1875000E+00
-169.0000E-03,+19.5937500E+00,+3.1875000E+00
-168.5000E-03,+19.4375000E+00,+3.3437500E+00
-168.0000E-03,+19.4375000E+00,+3.1875000E+00
-167.5000E-03,+19.4375000E+00,+3.1875000E+00
-167.0000E-03,+19.4375000E+00,+3.1875000E+00
-166.5000E-03,+19.5937500E+00,+3.3437500E+00
-166.0000E-03,+19.5937500E+00,+3.0312500E+00
-165.5000E-03,+19.7500000E+00,+3.0312500E+00
-165.0000E-03,+19.5937500E+00,+3.1875000E+00
-164.5000E-03,+19.5937500E+00,+3.0312500E+00
-164.0000E-03,+19.4375000E+00,+3.1875000E+00
-163.5000E-03,+19.5937500E+00,+3.0312500E+00
-163.0000E-03,+19.4375000E+00,+3.1875000E+00
-162.5000E-03,+19.5937500E+00,+3.1875000E+00
-162.0000E-03,+19.4375000E+00,+2.8750000E+00
-161.5000E-03,+19.7500000E+00,+3.1875000E+00
-161.0000E-03,+19.5937500E+00,+3.0312500E+00
-160.5000E-03,+19.4375000E+00,+3.1875000E+00
-160.0000E-03,+19.4375000E+00,+3.1875000E+00
-159.5000E-03,+19.5937500E+00,+3.0312500E+00
-159.0000E-03,+19.4375000E+00,+3.1875000E+00
-158.5000E-03,+19.5937500E+00,+3.0312500E+00
-158.0000E-03,+19.5937500E+00,+3.0312500E+00
-157.5000E-03,+19.7500000E+00,+3.0312500E+00
-157.0000E-03,+19.5937500E+00,+3.0312500E+00
-156.5000E-03,+19.4375000E+00,+3.1875000E+00
-156.0000E-03,+19.5937500E+00,+3.1875000E+00
-155.5000E-03,+19.5937500E+00,+3.1875000E+00
-155.0000E-03,+19.5937500E+00,+3.0312500E+00
-154.5000E-03,+19.4375000E+00,+3.0312500E+00
-154.0000E-03,+19.5937500E+00,+3.3437500E+00
-153.5000E-03,+19.5937500E+00,+3.1875000E+00
-153.0000E-03,+19.7500000E+00,+3.1875000E+00
-152.5000E-03,+19.5937500E+00,+3.1875000E+00
-152.0000E-03,+19.7500000E+00,+3.1875000E+00
-151.5000E-03,+19.5937500E+00,+3.1875000E+00
-151.0000E-03,+19.2812500E+00,+3.0312500E+00
-150.5000E-03,+19.4375000E+00,+3.0312500E+00
-150.0000E-03,+19.5937500E+00,+3.3437500E+00
-149.5000E-03,+19.4375000E+00,+3.0312500E+00
-149.0000E-03,+19.5937500E+00,+3.1875000E+00
-148.5000E-03,+19.7500000E+00,+3.1875000E+00
-148.0000E-03,+19.5937500E+00,+3.1875000E+00
-147.5000E-03,+19.4375000E+00,+3.3437500E+00
-147.0000E-03,+19.4375000E+00,+3.1875000E+00
-146.5000E-03,+19.4375000E+00,+3.1875000E+00
-146.0000E-03,+19.5937500E+00,+3.1875000E+00
-145.5000E-03,+19.4375000E+00,+3.1875000E+00
-145.0000E-03,+19.4375000E+00,+3.0312500E+00
-144.5000E-03,+19.7500000E+00,+3.1875000E+00
-144.0000E-03,+19.5937500E+00,+3.3437500E+00
-143.5000E-03,+19.4375000E+00,+2.8750000E+00
-143.0000E-03,+19.5937500E+00,+3.1875000E+00
-142.5000E-03,+19.5937500E+00,+3.1875000E+00
-142.0000E-03,+19.5937500E+00,+3.1875000E+00
-141.5000E-03,+19.4375000E+00,+3.1875000E+00
-141.0000E-03,+19.4375000E+00,+3.1875000E+00
-140.5000E-03,+19.4375000E+00,+3.1875000E+00
-140.0000E-03,+19.4375000E+00,+3.1875000E+00
-139.5000E-03,+19.5937500E+00,+3.0312500E+00
-139.0000E-03,+19.5937500E+00,+3.1875000E+00
-138.5000E-03,+19.4375000E+00,+3.1875000E+00
-138.0000E-03,+19.5937500E+00,+3.1875000E+00
-137.5000E-03,+19.5937500E+00,+3.0312500E+00
-137.0000E-03,+19.4375000E+00,+3.1875000E+00
-136.5000E-03,+19.7500000E+00,+3.0312500E+00
-136.0000E-03,+19.5937500E+00,+3.1875000E+00
-135.5000E-03,+19.5937500E+00,+3.1875000E+00
-135.0000E-03,+19.5937500E+00,+3.1875000E+00
-134.5000E-03,+19.5937500E+00,+3.0312500E+00
-134.0000E-03,+19.4375000E+00,+3.1875000E+00
-133.5000E-03,+19.4375000E+00,+3.3437500E+00
-133.0000E-03,+19.4375000E+00,+3.1875000E+00
-132.5000E-03,+19.4375000E+00,+3.1875000E+00
-132.0000E-03,+19.5937500E+00,+3.1875000E+00
-131.5000E-03,+19.5937500E+00,+3.1875000E+00
-131.0000E-03,+19.4375000E+00,+2.8750000E+00
-130.5000E-03,+19.5937500E+00,+3.1875000E+00
-130.0000E-03,+19.4375000E+00,+3.1875000E+00
-129.5000E-03,+19.5937500E+00,+3.0312500E+00
-129.0000E-03,+19.5937500E+00,+3.1875000E+00
-128.5000E-03,+19.5937500E+00,+3.1875000E+00
-128.0000E-03,+19.2812500E+00,+3.1875000E+00
-127.5000E-03,+19.4375000E+00,+3.1875000E+00
-127.0000E-03,+19.4375000E+00,+3.0312500E+00
-126.5000E-03,+19.4375000E+00,+3.1875000E+00
-126.0000E-03,+19.5937500E+00,+3.1875000E+00
-125.5000E-03,+19.5937500E+00,+3.1875000E+00
-125.0000E-03,+19.4375000E+00,+3.0312500E+00
-124.5000E-03,+19.5937500E+00,+3.1875000E+00
-124.0000E-03,+19.5937500E+00,+3.0312500E+00
-123.5000E-03,+19.5937500E+00,+3.1875000E+00
-123.0000E-03,+19.2812500E+00,+3.0312500E+00
-122.5000E-03,+19.4375000E+00,+3.1875000E+00
-122.0000E-03,+19.4375000E+00,+3.1875000E+00
-121.5000E-03,+19.5937500E+00,+3.1875000E+00
-121.0000E-03,+19.4375000E+00,+3.1875000E+00
-120.5000E-03,+19.4375000E+00,+3.1875000E+00
-120.0000E-03,+19.5937500E+00,+3.1875000E+00
-119.5000E-03,+19.4375000E+00,+3.0312500E+00
-119.0000E-03,+19.5937500E+00,+3.3437500E+00
-118.5000E-03,+19.4375000E+00,+3.1875000E+00
-118.0000E-03,+19.4375000E+00,+3.1875000E+00
-117.5000E-03,+19.5937500E+00,+3.1875000E+00
-117.0000E-03,+19.4375000E+00,+3.1875000E+00
-116.5000E-03,+19.4375000E+00,+3.0312500E+00
-116.0000E-03,+19.5937500E+00,+3.0312500E+00
-115.5000E-03,+19.4375000E+00,+3.1875000E+00
-115.0000E-03,+19.5937500E+00,+3.1875000E+00
-114.5000E-03,+19.4375000E+00,+3.1875000E+00
-114.0000E-03,+19.4375000E+00,+3.1875000E+00
-113.5000E-03,+19.5937500E+00,+3.1875000E+00
-113.0000E-03,+19.7500000E+00,+3.0312500E+00
-112.5000E-03,+19.5937500E+00,+3.1875000E+00
-112.0000E-03,+19.5937500E+00,+3.1875000E+00
-111.5000E-03,+19.4375000E+00,+3.1875000E+00
-111.0000E-03,+19.4375000E+00,+3.0312500E+00
-110.5000E-03,+19.5937500E+00,+3.1875000E+00
-110.0000E-03,+19.5937500E+00,+3.1875000E+00
-109.5000E-03,+19.5937500E+00,+3.1875000E+00
-109.0000E-03,+19.4375000E+00,+3.1875000E+00
-108.5000E-03,+19.7500000E+00,+3.1875000E+00
-108.0000E-03,+19.4375000E+00,+3.1875000E+00
-107.5000E-03,+19.4375000E+00,+3.1875000E+00
-107.0000E-03,+19.5937500E+00,+3.1875000E+00
-106.5000E-03,+19.5937500E+00,+3.1875000E+00
-106.0000E-03,+19.5937500E+00,+2.8750000E+00
-105.5000E-03,+19.5937500E+00,+3.0312500E+00
-105.0000E-03,+19.5937500E+00,+3.0312500E+00
-104.5000E-03,+19.5937500E+00,+3.1875000E+00
-104.0000E-03,+19.5937500E+00,+3.3437500E+00
-103.5000E-03,+19.5937500E+00,+3.1875000E+00
-103.0000E-03,+19.4375000E+00,+3.1875000E+00
-102.5000E-03,+19.5937500E+00,+3.1875000E+00
-102.0000E-03,+19.5937500E+00,+3.1875000E+00
-101.5000E-03,+19.5937500E+00,+3.1875000E+00
-101.0000E-03,+19.7500000E+00,+3.1875000E+00
-100.5000E-03,+19.5937500E+00,+3.1875000E+00
-100.0000E-03,+19.5937500E+00,+3.0312500E+00
-99.5000E-03,+19.4375000E+00,+3.3437500E+00
-99.0000E-03,+19.5937500E+00,+3.0312500E+00
-98.5000E-03,+19.5937500E+00,+3.3437500E+00
-98.0000E-03,+19.4375000E+00,+3.1875000E+00
-97.5000E-03,+19.5937500E+00,+3.1875000E+00
-97.0000E-03,+19.7500000E+00,+3.1875000E+00
-96.5000E-03,+19.5937500E+00,+3.3437500E+00
-96.0000E-03,+19.5937500E+00,+3.1875000E+00
-95.5000E-03,+19.5937500E+00,+3.1875000E+00
-95.0000E-03,+19.5937500E+00,+3.0312500E+00
-94.5000E-03,+19.5937500E+00,+3.1875000E+00
-94.0000E-03,+19.5937500E+00,+3.1875000E+00
-93.5000E-03,+19.5937500E+00,+3.1875000E+00
-93.0000E-03,+19.5937500E+00,+3.1875000E+00
-92.5000E-03,+19.4375000E+00,+3.1875000E+00
-92.0000E-03,+19.4375000E+00,+3.1875000E+00
-91.5000E-03,+19.4375000E+00,+3.1875000E+00
-91.0000E-03,+19.5937500E+00,+3.1875000E+00
-90.5000E-03,+19.4375000E+00,+3.0312500E+00
-90.0000E-03,+19.7500000E+00,+3.0312500E+00
-89.5000E-03,+19.5937500E+00,+3.1875000E+00
-89.0000E-03,+19.5937500E+00,+3.0312500E+00
-88.5000E-03,+19.4375000E+00,+3.0312500E+00
-88.0000E-03,+19.4375000E+00,+3.3437500E+00
-87.5000E-03,+19.7500000E+00,+3.1875000E+00
-87.0000E-03,+19.5937500E+00,+3.0312500E+00
-86.5000E-03,+19.4375000E+00,+3.1875000E+00
-86.0000E-03,+19.5937500E+00,+3.1875000E+00
-85.5000E-03,+19.4375000E+00,+3.3437500E+00
-85.0000E-03,+19.4375000E+00,+3.1875000E+00
-84.5000E-03,+19.4375000E+00,+3.0312500E+00
-84.0000E-03,+19.5937500E+00,+3.0312500E+00
-83.5000E-03,+19.4375000E+00,+3.3437500E+00
-83.0000E-03,+19.4375000E+00,+3.1875000E+00
-82.5000E-03,+19.5937500E+00,+3.1875000E+00
-82.0000E-03,+19.5937500E+00,+3.3437500E+00
-81.5000E-03,+19.4375000E+00,+3.1875000E+00
-81.0000E-03,+19.5937500E+00,+3.1875000E+00
-80.5000E-03,+19.5937500E+00,+3.1875000E+00
-80.0000E-03,+19.5937500E+00,+3.1875000E+00
-79.5000E-03,+19.4375000E+00,+3.1875000E+00
-79.0000E-03,+19.4375000E+00,+3.1875000E+00
-78.5000E-03,+19.5937500E+00,+3.1875000E+00
-78.0000E-03,+19.7500000E+00,+3.3437500E+00
-77.5000E-03,+19.5937500E+00,+3.0312500E+00
-77.0000E-03,+19.2812500E+00,+3.1875000E+00
-76.5000E-03,+19.4375000E+00,+3.0312500E+00
-76.0000E-03,+19.5937500E+00,+3.1875000E+00
-75.5000E-03,+19.5937500E+00,+3.1875000E+00
-75.0000E-03,+19.4375000E+00,+3.0312500E+00
-74.5000E-03,+19.5937500E+00,+3.1875000E+00
-74.0000E-03,+19.4375000E+00,+3.1875000E+00
-73.5000E-03,+19.4375000E+00,+3.3437500E+00
